source1_entity_id	candidate_entity_ids
S1-000000	S2-000000
S1-000001	S2-000001
S1-000002	S2-000002,S2-003005
S1-000003	S3-000000,S2-000003
S1-000004	
S1-000005	S3-000001
S1-000006	S2-000004
S1-000007	S2-000005
S1-000008	S3-000002,S3-000003,S3-000004
S1-000009	S3-000005,S2-000006,S2-000007
S1-000010	S2-000008,S3-000006,S2-000009
S1-000011	S2-000011,S3-000007,S2-000010,S3-000008
S1-000012	S3-000009
S1-000013	S2-000012,S3-000010
S1-000014	S3-000011,S3-000012,S2-000089
S1-000015	S2-000013,S3-000013
S1-000016	S2-000014
S1-000017	S2-000015,S3-000014
S1-000018	S2-000016
S1-000019	S3-000015,S2-000017
S1-000020	
S1-000021	S2-000019,S2-000018
S1-000022	S2-000021,S2-000020
S1-000023	S3-000016
S1-000024	S3-000017
S1-000025	S3-000019,S3-000018
S1-000026	S3-000020,S2-000022
S1-000027	
S1-000028	S3-000021
S1-000029	S2-000023
S1-000030	S3-000022
S1-000031	S3-000023,S2-000024
S1-000032	S3-000025,S3-000024,S3-000026
S1-000033	S2-000025,S3-000027
S1-000034	S2-000026,S2-001059
S1-000035	S2-000027,S2-000028
S1-000036	S2-000029,S3-000028,S3-000029
S1-000037	S2-000030
S1-000038	S3-000031,S2-000031,S3-000030
S1-000039	S3-000032
S1-000040	S2-000032,S3-000033,S2-000033
S1-000041	S3-000035,S3-000034,S2-000034
S1-000042	S2-000036,S2-000035,S3-000036
S1-000043	S3-000037,S3-000038
S1-000044	S3-000039,S2-002467,S3-002448
S1-000045	S2-000037,S3-000040,S2-003075
S1-000046	S2-000039,S2-000038,S3-000041
S1-000047	S3-000043,S3-000042,S3-001665
S1-000048	S2-000040
S1-000049	S2-000041,S3-000044
S1-000050	S2-000042
S1-000051	S3-000046,S2-000043,S3-000045,S2-000108
S1-000052	S3-000047,S2-000044
S1-000053	S2-000045,S3-000048
S1-000054	S2-000046,S3-000049
S1-000055	S2-000049,S2-000048,S2-000047,S3-000050,S3-001524
S1-000056	
S1-000057	S2-000050,S3-000051,S3-000052
S1-000058	
S1-000059	S2-000051,S3-000053,S3-000054
S1-000060	S3-000056,S3-000055,S2-000052
S1-000061	S2-000053
S1-000062	
S1-000063	S2-000054,S3-000057
S1-000064	S3-000058
S1-000065	S3-000059,S2-000055,S2-000056
S1-000066	S2-000057
S1-000067	
S1-000068	S2-000058,S3-000060,S3-000917,S2-000918
S1-000069	
S1-000070	S2-000059
S1-000071	S3-000061
S1-000072	S2-000060,S2-000061
S1-000073	S2-000062
S1-000074	S3-000062
S1-000075	S3-000063,S2-000063
S1-000076	S3-000065,S3-000064,S2-000064,S3-000066
S1-000077	S3-000067,S3-000068
S1-000078	S2-000065
S1-000079	S3-000070,S3-000069,S2-000066
S1-000080	S3-000071,S2-000067
S1-000081	S2-000068,S3-000073,S3-000072
S1-000082	S3-000074,S2-000069
S1-000083	S2-000070
S1-000084	
S1-000085	S2-000071,S3-000075
S1-000086	
S1-000087	S2-000072,S3-000076,S3-000077
S1-000088	S2-000074,S2-000073
S1-000089	S3-000078,S3-000079,S2-000075
S1-000090	S3-000080,S2-000076
S1-000091	S2-000077,S3-000081,S3-002939,S2-001719
S1-000092	S2-000079,S2-000078,S2-000080,S3-000082
S1-000093	S3-000083
S1-000094	S2-000081
S1-000095	S2-000082,S3-000084
S1-000096	S2-000083,S3-000085
S1-000097	
S1-000098	S3-000086,S2-000084
S1-000099	S2-000087,S2-000086,S2-000085,S3-000087
S1-000100	S2-000088,S3-001641
S1-000101	S2-000089
S1-000102	S3-000088
S1-000103	S3-000089
S1-000104	S3-000090,S2-000090
S1-000105	S2-000091
S1-000106	S3-000091,S2-000092
S1-000107	
S1-000108	S2-000093,S2-000094,S2-000095
S1-000109	S2-000096
S1-000110	S3-000092,S2-000097
S1-000111	S3-000093,S3-000094
S1-000112	S2-000099,S3-000095,S2-000098
S1-000113	S2-000100
S1-000114	S2-000101,S3-000096
S1-000115	S2-000102
S1-000116	S3-000097
S1-000117	S2-000104
S1-000118	S3-000099,S2-000105,S3-000098
S1-000119	S3-000101,S3-000100,S2-000106
S1-000120	S2-000107,S3-000103,S2-000108,S3-000102,S3-000045
S1-000121	S3-000104
S1-000122	S2-000109,S3-000105
S1-000123	S3-000106,S2-000110,S3-000627,S2-000109
S1-000124	S2-000112,S2-000111,S2-000113
S1-000125	S3-000107,S2-000114
S1-000126	S3-000108,S2-000115
S1-000127	S2-002953
S1-000128	
S1-000129	S3-000110
S1-000130	S2-000116,S3-000111
S1-000131	S2-000116
S1-000132	S3-000113,S3-000112
S1-000133	S3-000115,S2-000117,S3-000114,S3-000116
S1-000134	S3-000117
S1-000135	S2-003276,S3-003408
S1-000136	S3-000118
S1-000137	S3-000119,S2-000118
S1-000138	S3-000122,S2-000119,S3-000120,S3-000121
S1-000139	S3-000123,S3-000124,S2-000120
S1-000140	S2-000121
S1-000141	S2-000122
S1-000142	
S1-000143	S2-000123
S1-000144	S2-000124,S3-000125
S1-000145	S3-000126,S3-000127
S1-000146	S3-000129,S2-000125
S1-000147	S3-000131,S3-000130,S2-000126
S1-000148	S3-000132
S1-000149	S2-000127,S2-000128
S1-000150	S3-000133,S2-000129
S1-000151	S2-000130,S3-000135,S3-000136,S3-000134
S1-000152	S3-000137,S2-000131
S1-000153	S2-000132,S3-000139,S3-000138,S2-000133
S1-000154	S2-000135,S3-000140,S2-000134
S1-000155	S2-000136,S3-000141,S2-000137
S1-000156	S2-000138
S1-000157	S3-000216,S2-000225
S1-000158	S2-000139,S3-000142
S1-000159	S3-000143
S1-000160	S2-000140,S3-000144
S1-000161	S2-000141,S2-000143,S2-000142
S1-000162	S2-000144,S3-000145,S3-000146
S1-000163	S2-000145
S1-000164	S3-000147
S1-000165	S2-000146,S3-000148
S1-000166	S3-000150,S3-000149
S1-000167	S3-000151,S2-000148,S2-000147
S1-000168	S2-000149,S3-000152
S1-000169	S2-000151,S2-000150,S2-001599,S2-002730
S1-000170	S3-000154,S3-000153,S2-000152
S1-000171	S3-000155
S1-000172	
S1-000173	S3-000156,S2-000153
S1-000174	S2-000154
S1-000175	S3-000157
S1-000176	S3-000158,S2-000539
S1-000177	S2-000155
S1-000178	S2-000156,S2-000157
S1-000179	S2-000158
S1-000180	S2-000159,S3-000159
S1-000181	S3-000160
S1-000182	S3-000162,S3-000161
S1-000183	S2-000160,S2-000161,S3-000163,S2-000162
S1-000184	S3-000164,S2-000163
S1-000185	S2-000165,S2-000166,S3-000165
S1-000186	S2-000167
S1-000187	S2-000168
S1-000188	S2-000169
S1-000189	S3-000166,S3-000168,S2-000170,S3-000167
S1-000190	S3-000169,S2-000173,S2-000171,S2-000172
S1-000191	S3-000170
S1-000192	S3-000172,S3-000171
S1-000193	S3-000173
S1-000194	S3-000174
S1-000195	S2-000174,S3-000175
S1-000196	S3-000176,S2-000175
S1-000197	S3-000177
S1-000198	S3-000178
S1-000199	S2-000178,S3-000179,S2-000177,S2-000176,S3-003252
S1-000200	S3-000180,S2-000179
S1-000201	S3-000181,S2-000181,S3-000182,S2-000180,S2-000182
S1-000202	S3-000183
S1-000203	S3-000184,S2-000184,S2-000185
S1-000204	S2-000186,S2-000187
S1-000205	S3-000185,S2-000188
S1-000206	S2-000189,S3-000186
S1-000207	S2-000190
S1-000208	S3-000187,S3-000188
S1-000209	S3-000189,S2-000191
S1-000210	S2-000192
S1-000211	S3-000190
S1-000212	S2-000193
S1-000213	
S1-000214	S3-000191,S2-000194,S2-000195
S1-000215	S2-000196
S1-000216	S2-000198,S2-000197
S1-000217	S2-000199,S2-000200,S3-000192
S1-000218	S2-000203,S3-000193,S2-000201,S2-000202
S1-000219	
S1-000220	S3-000195,S2-000204,S3-000194
S1-000221	S2-000205,S3-000196
S1-000222	S2-000208,S2-000206,S2-000207
S1-000223	S2-000209,S3-000197,S2-000210
S1-000224	S2-000213,S2-000212,S2-000211,S3-000198
S1-000225	S3-000199,S2-000214
S1-000226	S2-000215,S3-000200
S1-000227	S3-000201,S2-000216
S1-000228	
S1-000229	S3-000204,S2-000218,S3-000203,S2-000217,S3-000202
S1-000230	
S1-000231	S3-000205,S3-000207,S2-000219,S3-000206
S1-000232	
S1-000233	S2-000220,S3-000208
S1-000234	S3-000209
S1-000235	S3-000211,S3-000210,S2-000221
S1-000236	
S1-000237	
S1-000238	
S1-000239	S2-000223,S2-000222,S3-000213
S1-000240	S3-000215,S2-000224,S3-000214
S1-000241	S2-000226,S3-000218,S3-000216,S2-000225,S3-000217,S2-000227
S1-000242	S3-000219,S3-000220
S1-000243	
S1-000244	S2-000228,S3-000221
S1-000245	S3-000222,S3-000223,S2-000231,S2-000229,S2-000230,S3-000224
S1-000246	S3-000225,S3-000226,S2-000232
S1-000247	S2-000233,S3-000227
S1-000248	
S1-000249	S2-000236,S3-000228,S2-000235,S2-001471
S1-000250	S3-000229,S2-000238,S2-000237
S1-000251	S2-000239
S1-000252	S2-000240,S3-000230
S1-000253	S3-000231,S3-002655
S1-000254	S3-000232
S1-000255	S2-000241
S1-000256	S2-000242,S3-000233
S1-000257	S2-000243,S3-000234
S1-000258	S2-000244,S3-000235,S3-000236,S2-000245
S1-000259	
S1-000260	S3-000237
S1-000261	S2-000246,S3-000238
S1-000262	S2-000247,S3-000239
S1-000263	S2-000248
S1-000264	S2-000249
S1-000265	S2-000250
S1-000266	S2-000251,S3-000240
S1-000267	S3-000241,S3-000242,S2-000252
S1-000268	S2-000253
S1-000269	
S1-000270	
S1-000271	S2-000254,S3-000243
S1-000272	S3-000244,S2-000255,S3-000245
S1-000273	S3-000246,S2-000256
S1-000274	S3-000247
S1-000275	S2-000257
S1-000276	
S1-000277	S3-000248,S2-000259
S1-000278	S2-000258,S2-000259
S1-000279	S2-000260,S2-000262,S2-000261
S1-000280	S2-000263,S3-000249
S1-000281	
S1-000282	S2-000264,S3-000252,S3-000250,S3-000251
S1-000283	
S1-000284	S2-000266,S2-000267,S3-000253,S2-000265
S1-000285	S2-000268,S2-000269
S1-000286	S2-000270,S2-000272,S3-000254,S2-000271
S1-000287	S3-000256,S3-000255,S3-000257,S2-000273
S1-000288	S3-000259,S3-000260,S3-000258
S1-000289	S2-000274
S1-000290	S2-000275,S3-000261,S3-000262
S1-000291	S3-000263,S2-000276
S1-000292	S2-000277,S2-000278
S1-000293	S3-000264,S2-000279
S1-000294	S2-000280
S1-000295	S3-000265,S3-000266
S1-000296	S3-000267
S1-000297	
S1-000298	S2-000281,S2-000282
S1-000299	S3-000268
S1-000300	S2-000283,S3-000269
S1-000301	S3-000271
S1-000302	S3-000271,S3-000270
S1-000303	S2-000284,S3-000272,S2-000285
S1-000304	S3-000273,S2-000288,S2-000286,S2-000287
S1-000305	S2-000289,S3-000274
S1-000306	S2-000290,S3-002601
S1-000307	S3-000275,S2-000291,S2-000292
S1-000308	S3-000276
S1-000309	S2-000293
S1-000310	S2-000294
S1-000311	S3-000277,S2-000295,S3-000279,S3-000278
S1-000312	S3-000280,S2-000296,S3-000281
S1-000313	S2-000297,S3-000282
S1-000314	S2-000298,S3-000283
S1-000315	S2-000299,S2-000300,S3-000283
S1-000316	S2-000301
S1-000317	S2-000302,S2-002679
S1-000318	S2-000303,S3-000284
S1-000319	
S1-000320	
S1-000321	S2-000304,S2-000305,S3-000285
S1-000322	S2-000306,S3-000286
S1-000323	S3-000287,S2-000307
S1-000324	
S1-000325	S2-000308,S3-000288
S1-000326	
S1-000327	S2-000309,S3-000289
S1-000328	
S1-000329	S3-000290,S2-000310
S1-000330	S2-000311
S1-000331	S3-000291,S2-002881
S1-000332	S3-000292
S1-000333	
S1-000334	S3-000293
S1-000335	S2-000312,S3-000295,S3-000294
S1-000336	S2-000313,S3-000296,S3-000297,S2-002832
S1-000337	S3-000298,S2-000314,S3-000299
S1-000338	S2-000315,S2-000316,S3-000300,S3-000301
S1-000339	S3-000302,S2-000317
S1-000340	S3-000304,S3-000303,S2-000318
S1-000341	S3-000306,S2-000320,S2-000319,S3-000305
S1-000342	S3-000307,S2-000321
S1-000343	S3-000309,S3-000308,S2-000322,S2-000324,S2-000323,S3-000310
S1-000344	S2-000325
S1-000345	S3-000311,S2-000325
S1-000346	S3-000312,S2-000326
S1-000347	S2-000327
S1-000348	S2-002222,S3-002206,S2-000328,S2-002223
S1-000349	S3-000313
S1-000350	S2-000330,S3-000314,S2-000329
S1-000351	S2-000331,S2-000332
S1-000352	S2-000333
S1-000353	
S1-000354	S2-000334
S1-000355	S2-000335
S1-000356	S3-000315
S1-000357	
S1-000358	S2-000338,S3-000316,S2-000336,S2-000337
S1-000359	S3-000317,S3-000318
S1-000360	S2-000339
S1-000361	S2-000340,S2-000341
S1-000362	S2-000342,S3-000319
S1-000363	S3-000320
S1-000364	S2-000343
S1-000365	S2-000344
S1-000366	
S1-000367	S2-000346,S3-000321,S2-000345,S3-000322
S1-000368	S3-000322
S1-000369	S2-000347,S2-000349,S2-000348,S3-000323
S1-000370	S2-000350,S3-000324
S1-000371	S3-000325
S1-000372	S3-000326
S1-000373	S2-000351
S1-000374	S3-000327
S1-000375	S3-000328,S3-000329,S3-002779
S1-000376	S3-000330
S1-000377	S2-000352,S3-000331
S1-000378	S3-000332,S2-000353
S1-000379	S3-000333,S2-000354,S2-002995
S1-000380	
S1-000381	S2-000355,S3-000334
S1-000382	S3-000335
S1-000383	S2-000356,S3-000336,S2-000357
S1-000384	S3-000337
S1-000385	S2-000358,S3-000338
S1-000386	S3-000339
S1-000387	S2-000359,S2-000361,S3-000340,S2-000360
S1-000388	
S1-000389	S2-000363,S3-000341,S2-000362
S1-000390	S2-000364,S3-000342
S1-000391	S3-000343
S1-000392	S2-000365,S3-000344
S1-000393	S2-000366,S3-000345
S1-000394	S2-000367
S1-000395	S2-000368,S3-000346
S1-000396	S3-000348,S3-000347
S1-000397	S2-000369,S2-000844
S1-000398	
S1-000399	S2-000370,S3-000349,S3-000350
S1-000400	S3-000351
S1-000401	S2-000371,S3-000352
S1-000402	
S1-000403	S2-000372
S1-000404	S2-000373,S3-000353
S1-000405	S2-000375,S3-000354,S2-000374,S3-000355
S1-000406	S3-000356
S1-000407	S3-000357,S2-000376
S1-000408	S3-000358
S1-000409	S3-000360,S2-000377,S3-000359
S1-000410	S2-000378,S3-000361
S1-000411	S2-000379
S1-000412	S3-000362,S2-000380
S1-000413	S2-000381,S3-000363
S1-000414	S2-000382
S1-000415	S3-000364
S1-000416	S3-000365,S3-000366
S1-000417	S2-000385,S2-000383,S2-000384
S1-000418	S3-000367,S2-000386
S1-000419	S2-000389,S3-000368,S2-000388,S2-000387
S1-000420	S2-000390
S1-000421	S2-000391,S3-000369
S1-000422	S3-000370,S2-000392
S1-000423	S3-000371
S1-000424	S2-000393,S3-000372
S1-000425	S3-000374,S3-000373
S1-000426	S2-000394,S3-000376,S3-000375
S1-000427	S2-000395,S3-000377
S1-000428	
S1-000429	S3-000378
S1-000430	S3-000379
S1-000431	S3-000380,S2-000397,S2-000396,S3-000381
S1-000432	S2-000398
S1-000433	
S1-000434	S2-000399
S1-000435	S3-000384,S3-000383,S3-000382,S2-000400
S1-000436	S3-000385,S2-000401
S1-000437	S2-000401,S3-000386
S1-000438	S3-000387,S2-000402,S3-000388
S1-000439	S2-000403
S1-000440	S2-000404,S3-000389
S1-000441	S3-000391,S3-000392,S2-000405,S3-000390
S1-000442	S3-000393
S1-000443	
S1-000444	S3-000394,S2-000406
S1-000445	S3-000396,S3-000395
S1-000446	S3-000397,S2-000407
S1-000447	
S1-000448	S3-000398,S2-000408,S2-000409
S1-000449	S3-000399,S2-003405
S1-000450	S2-000410
S1-000451	
S1-000452	S3-000401,S3-000400
S1-000453	S3-000403,S3-000402
S1-000454	
S1-000455	S2-000411
S1-000456	S3-000404,S2-000412
S1-000457	S2-000413
S1-000458	S3-000405
S1-000459	S2-000414,S3-000406,S2-000415
S1-000460	S3-000407
S1-000461	S2-000416
S1-000462	S3-000408,S2-000417
S1-000463	S3-000409,S2-000418
S1-000464	S2-000419,S2-001474
S1-000465	S3-000410,S2-000420
S1-000466	S2-000421
S1-000467	S3-000411
S1-000468	S3-000412,S2-000422
S1-000469	S2-000423,S3-000413
S1-000470	S3-000414
S1-000471	S3-000415,S2-000424
S1-000472	S2-000425
S1-000473	S2-000426,S2-000427
S1-000474	S2-000428
S1-000475	S3-000416,S2-000430,S2-000431,S2-000429
S1-000476	S3-000417,S3-000418
S1-000477	S2-000432,S3-000419
S1-000478	S3-000421,S2-000434,S2-000433,S3-000422,S3-000420,S2-000432
S1-000479	S3-000423,S2-000435
S1-000480	S2-000436,S3-000424,S2-003225
S1-000481	S2-000437,S3-000425
S1-000482	S3-000426,S2-000438,S3-002608
S1-000483	S3-000427,S2-000439,S2-000440
S1-000484	
S1-000485	
S1-000486	S3-000428,S3-000429
S1-000487	S3-000430
S1-000488	S2-000441
S1-000489	S3-000431
S1-000490	S2-000442
S1-000491	S2-000444,S2-000443,S3-000432
S1-000492	S2-000445,S3-000433
S1-000493	S3-000434,S2-000446
S1-000494	S3-000435,S3-000437,S2-000447,S3-000436
S1-000495	S2-000449,S3-000438,S2-000448
S1-000496	S3-000439
S1-000497	
S1-000498	S3-000440,S2-000450
S1-000499	S2-000451
S1-000500	S2-000452
S1-000501	S3-000441,S2-000453,S2-000454
S1-000502	S2-000455
S1-000503	S2-000456
S1-000504	S2-000457
S1-000505	S3-000442
S1-000506	S3-000443,S3-000444
S1-000507	S2-000458,S3-000445
S1-000508	S3-000446,S3-000447,S2-000459
S1-000509	S2-000460,S3-000448,S2-000461
S1-000510	S3-000449
S1-000511	S2-000463,S3-000450,S2-000462
S1-000512	S2-000464
S1-000513	S2-000465,S3-000451
S1-000514	S3-000452,S3-000453
S1-000515	S3-000454
S1-000516	
S1-000517	S3-000455
S1-000518	S2-000466,S2-000467,S3-000456
S1-000519	S2-000468
S1-000520	S3-000457,S2-000471,S2-000469,S2-000470
S1-000521	S3-000459,S3-000458
S1-000522	S3-000460,S2-000472
S1-000523	S2-000473,S3-000461
S1-000524	S2-000474,S2-000475
S1-000525	S3-000462,S3-000463,S2-000476
S1-000526	S2-000477,S2-000478,S2-000479
S1-000527	
S1-000528	S3-000464
S1-000529	S2-000480
S1-000530	S3-000465
S1-000531	S3-000466
S1-000532	S3-000467,S2-000481,S3-000468
S1-000533	
S1-000534	S2-000482,S3-000469
S1-000535	S2-000483
S1-000536	S2-000484
S1-000537	S2-000485,S3-000470,S2-000486
S1-000538	S2-000487,S2-000488
S1-000539	
S1-000540	S2-000489
S1-000541	S2-000490,S2-001481
S1-000542	S3-000471,S3-000472,S2-000491
S1-000543	S3-000474,S3-000473
S1-000544	S2-000492
S1-000545	S2-000493,S2-000494
S1-000546	S2-000495
S1-000547	S2-000497,S2-000496,S3-000475,S2-000499
S1-000548	S2-000498,S2-000499,S2-001935
S1-000549	S3-000477,S2-000500,S3-000476
S1-000550	S3-000479,S3-000478,S2-000501
S1-000551	S2-000502,S3-000480,S3-000481
S1-000552	S3-000482,S3-000483,S3-000484
S1-000553	S3-000485,S2-000503
S1-000554	S3-000486
S1-000555	
S1-000556	S2-000504,S3-000811
S1-000557	S2-000505
S1-000558	S2-000506,S3-000487
S1-000559	S2-000507,S3-000488
S1-000560	S2-000508
S1-000561	S2-000510,S2-000509,S3-000489
S1-000562	S2-000511,S3-000490
S1-000563	S3-000491,S3-000492,S2-000512
S1-000564	S3-000493,S3-000494,S3-000495,S2-003380
S1-000565	S2-000515,S3-000496,S2-000514,S2-000513
S1-000566	
S1-000567	S3-000497
S1-000568	S2-000516
S1-000569	S2-000517,S3-000498,S3-000499
S1-000570	S2-000518,S3-000500
S1-000571	S2-000519
S1-000572	S2-000520
S1-000573	S3-000501,S2-000521
S1-000574	S3-000502,S2-000522
S1-000575	S2-000524,S2-000523,S2-000525
S1-000576	
S1-000577	S2-000526
S1-000578	S2-000527,S3-000503
S1-000579	S3-000504
S1-000580	S2-000528,S3-000505
S1-000581	S3-000506,S2-000529
S1-000582	S3-000507,S2-000530,S2-000532,S2-000531,S3-002718
S1-000583	S2-000533
S1-000584	S3-000508
S1-000585	S2-000535,S3-000509,S3-000510,S2-000536,S2-000534
S1-000586	S3-000511
S1-000587	S2-000537,S3-000512
S1-000588	S2-000295
S1-000589	
S1-000590	S3-000514,S3-000513,S2-000538
S1-000591	S3-000515,S3-000517,S3-000516,S2-000539
S1-000592	S2-000540
S1-000593	S2-000541,S3-000518
S1-000594	S2-000542,S3-000520,S3-000519,S3-002539
S1-000595	S3-000521,S3-000522,S2-000543
S1-000596	S3-000523,S2-000544
S1-000597	
S1-000598	S3-000526,S2-000546,S2-000545,S3-000524,S3-000525
S1-000599	S2-000547,S3-000527
S1-000600	S3-000529,S3-000528
S1-000601	
S1-000602	S2-000548,S3-000531,S3-000530
S1-000603	S3-000534,S2-000549,S3-000532,S3-000533
S1-000604	
S1-000605	S2-000550
S1-000606	
S1-000607	S3-000535,S3-000536,S3-000537
S1-000608	
S1-000609	S2-000551,S3-000538
S1-000610	
S1-000611	S2-000552
S1-000612	S2-000553,S3-002740
S1-000613	S3-000539,S2-000555,S2-000556,S2-000554
S1-000614	S2-000557
S1-000615	S3-000540,S3-000541
S1-000616	S3-000542
S1-000617	
S1-000618	S2-000558
S1-000619	S3-000544,S3-000543
S1-000620	S2-000559
S1-000621	S2-000560
S1-000622	S3-000545
S1-000623	S3-000548,S3-000547
S1-000624	S3-000549
S1-000625	S2-000561
S1-000626	S3-000550,S2-000562,S3-000551
S1-000627	S2-000563,S3-000552
S1-000628	S3-000553
S1-000629	S2-000564
S1-000630	S2-000567,S3-000554,S2-000566,S2-000565
S1-000631	S2-000568,S3-000556,S3-000555
S1-000632	S2-000569
S1-000633	S3-000557,S2-000570
S1-000634	S2-000571
S1-000635	
S1-000636	S2-000572
S1-000637	S2-000573,S3-000558
S1-000638	S3-000559
S1-000639	S3-000562,S3-000560,S3-000561,S2-000574
S1-000640	S3-000564,S3-000563
S1-000641	S3-000565,S2-000575,S3-003236
S1-000642	S2-000576
S1-000643	S2-000577,S3-000566
S1-000644	S3-000567
S1-000645	
S1-000646	S2-000578,S3-000568
S1-000647	S2-000580,S2-000579,S3-000569
S1-000648	S2-000581,S3-000570
S1-000649	S3-000571
S1-000650	S2-000582,S3-000572
S1-000651	S2-000583,S3-000573
S1-000652	S2-002451
S1-000653	S2-000584,S3-000574
S1-000654	S2-000585,S3-000575
S1-000655	S3-000576
S1-000656	S3-000577
S1-000657	S2-000586,S3-000578
S1-000658	S2-000587
S1-000659	S3-000579
S1-000660	S2-000588
S1-000661	S3-000580,S2-000589,S3-000582,S3-000581
S1-000662	S3-000583,S2-000590
S1-000663	S3-000584
S1-000664	S3-000585,S2-000591,S2-002644
S1-000665	S2-000592
S1-000666	
S1-000667	S3-000586,S2-000593
S1-000668	
S1-000669	S3-000587
S1-000670	
S1-000671	S3-000588
S1-000672	S2-000594,S3-000590,S3-000589
S1-000673	S2-000596,S3-000591
S1-000674	S2-000598
S1-000675	S3-000593,S2-000599
S1-000676	
S1-000677	S2-000600
S1-000678	S2-000601,S3-000594
S1-000679	S3-000595
S1-000680	S3-000597,S3-000598,S3-000596
S1-000681	S2-000602,S3-000599
S1-000682	S3-000600
S1-000683	S2-000603
S1-000684	S3-000601,S2-000604
S1-000685	S3-000603,S2-000605,S3-000602,S3-000604
S1-000686	S3-000605
S1-000687	S2-000606,S3-000606
S1-000688	S3-000609,S3-000608,S3-000607
S1-000689	S2-000607
S1-000690	S3-000610
S1-000691	S2-000608,S3-000611,S2-000609
S1-000692	S2-000610,S3-000612
S1-000693	S3-000613
S1-000694	
S1-000695	S3-000614
S1-000696	S3-000615,S2-000611
S1-000697	S3-000616,S2-000612
S1-000698	S3-000617,S2-000614,S2-000613
S1-000699	S2-000616,S2-000615,S3-000618
S1-000700	S3-000619
S1-000701	S3-000621,S2-000617,S3-000620
S1-000702	S3-000622,S2-000618
S1-000703	
S1-000704	S2-000619
S1-000705	S3-000623,S2-000620
S1-000706	S3-000624,S2-000622,S2-000621
S1-000707	S2-000623
S1-000708	S2-000624,S2-000625
S1-000709	
S1-000710	S3-000625
S1-000711	S2-000626,S3-000626
S1-000712	S3-000627
S1-000713	S2-000627,S3-000628
S1-000714	
S1-000715	S3-000629,S2-000628
S1-000716	S3-000630,S2-000629
S1-000717	S3-000631
S1-000718	
S1-000719	
S1-000720	S2-000631,S2-000630
S1-000721	S3-000632
S1-000722	S2-000632,S2-000633
S1-000723	S3-000633,S2-000634
S1-000724	S3-000634,S2-002623,S3-000635
S1-000725	S3-000636
S1-000726	S2-000635,S3-000637
S1-000727	S2-000637,S2-000636
S1-000728	S2-000638
S1-000729	
S1-000730	S2-000640,S2-000639,S3-000638
S1-000731	S2-000642,S3-000639,S2-000641
S1-000732	S3-000640,S2-000643,S3-000641
S1-000733	S3-000642
S1-000734	
S1-000735	S3-000645,S3-000643,S3-000644,S2-000644
S1-000736	S3-000646
S1-000737	S3-000647,S2-000645,S2-000646,S3-000649,S3-000648
S1-000738	S2-000647
S1-000739	
S1-000740	S2-000648
S1-000741	S2-000649,S3-000651,S3-000650
S1-000742	S3-000653,S3-000652
S1-000743	S3-000654
S1-000744	S2-000651,S2-000650
S1-000745	S2-000652,S3-000655
S1-000746	S3-000656,S2-000653,S3-000657
S1-000747	S2-000656,S2-000654,S2-000655
S1-000748	S3-000660,S3-000658,S2-000657,S3-000659
S1-000749	S3-000661
S1-000750	S3-000662,S2-000658
S1-000751	S2-000659
S1-000752	S2-000660
S1-000753	S2-000661,S3-000663
S1-000754	S2-000662,S3-000664
S1-000755	S2-000663
S1-000756	S3-000665,S2-000664
S1-000757	S3-000666
S1-000758	S2-000665,S3-000667
S1-000759	S3-000669,S3-000668
S1-000760	
S1-000761	S3-000670,S3-000671,S2-000666
S1-000762	S2-000667,S3-000672
S1-000763	S2-000668,S2-000669
S1-000764	S3-000673
S1-000765	S2-000670
S1-000766	
S1-000767	S3-000676,S3-000674,S3-000675,S2-000671
S1-000768	S3-000678,S3-000677,S2-000672
S1-000769	
S1-000770	S3-000679,S3-000680,S2-000673
S1-000771	S2-000674
S1-000772	S2-000675
S1-000773	S3-000681,S2-000676
S1-000774	S3-000683,S3-000684,S3-000682,S2-000677,S2-000678,S2-000679
S1-000775	S3-000685,S2-000680,S2-003138
S1-000776	S2-000683,S3-000686,S2-000681,S2-000682
S1-000777	S2-000684
S1-000778	S3-000687,S2-000084
S1-000779	S3-000539
S1-000780	S3-000688,S2-000685
S1-000781	S3-000689,S2-000686
S1-000782	S2-000687,S3-000690
S1-000783	S3-000691
S1-000784	S3-000692,S2-000688,S2-002978
S1-000785	S3-000693,S2-000689
S1-000786	S3-000694,S2-000690
S1-000787	S2-000691,S2-000692,S3-003177
S1-000788	S2-000693
S1-000789	S3-000695
S1-000790	S2-000694
S1-000791	S2-000695
S1-000792	
S1-000793	S2-000697,S2-000696
S1-000794	S2-000698
S1-000795	S2-000699,S2-000700,S3-000698,S3-000697
S1-000796	S2-000701
S1-000797	S2-000702
S1-000798	S3-000699
S1-000799	S2-000704,S2-000703,S2-002041
S1-000800	
S1-000801	S3-000700,S2-000705
S1-000802	S2-000706
S1-000803	
S1-000804	S3-000701
S1-000805	S3-000703,S2-000708,S3-000702,S2-000707
S1-000806	S2-000709,S3-000704
S1-000807	S2-000710,S3-000705
S1-000808	
S1-000809	S2-000711,S3-000706
S1-000810	S3-000707
S1-000811	S3-000708,S2-000712
S1-000812	S3-000709,S3-002017
S1-000813	S2-000713,S3-000710
S1-000814	S2-000714,S3-000712,S3-000711
S1-000815	
S1-000816	S3-000713
S1-000817	S3-000714,S3-000715
S1-000818	S3-000716,S2-000715
S1-000819	S2-000716
S1-000820	S2-000718,S3-000717,S2-000717
S1-000821	
S1-000822	S3-000718
S1-000823	S3-000719
S1-000824	S3-000720,S2-000720
S1-000825	S2-000721
S1-000826	S3-000721
S1-000827	S3-000722,S2-000722
S1-000828	S2-000723
S1-000829	S2-000724
S1-000830	
S1-000831	S2-000725,S3-000723
S1-000832	
S1-000833	S3-000724
S1-000834	S3-000725,S3-000727,S3-000726,S2-000726
S1-000835	S2-000727
S1-000836	S2-000728,S2-000729
S1-000837	S3-000729,S3-000728
S1-000838	S3-000730,S3-000731,S3-000732
S1-000839	S2-000730
S1-000840	
S1-000841	S2-000731
S1-000842	S3-000733
S1-000843	S3-000734,S2-000732,S3-000735
S1-000844	S2-000734,S3-000736,S2-000733
S1-000845	S2-000735
S1-000846	
S1-000847	S3-000737,S2-000736
S1-000848	
S1-000849	S3-000738
S1-000850	S2-000737,S3-000739,S3-000575
S1-000851	S2-000740,S2-000739,S2-000738,S3-000740
S1-000852	S2-000741,S3-000741,S3-000742
S1-000853	S2-000743,S3-000743,S3-000744,S2-000742
S1-000854	S3-000745
S1-000855	
S1-000856	S3-000746
S1-000857	S3-000747,S2-000744
S1-000858	S3-000748
S1-000859	S3-000749,S2-000745
S1-000860	S2-000746,S3-000750
S1-000861	S2-000747,S3-000751,S3-000752,S3-002211,S2-000632,S2-002227
S1-000862	S2-000748
S1-000863	S3-000753
S1-000864	S3-000754,S2-000749
S1-000865	S3-000755,S2-000750
S1-000866	S3-000756
S1-000867	S2-000751,S3-000757,S3-000759,S3-000758
S1-000868	S2-000752
S1-000869	S3-000761,S2-000753,S3-000760
S1-000870	S2-000754,S3-000762
S1-000871	S3-000763
S1-000872	S3-000764
S1-000873	S3-000765
S1-000874	S3-000767,S3-000766
S1-000875	S2-000755,S3-000768
S1-000876	S3-000769
S1-000877	S3-000771,S3-000770,S2-000756,S3-003147,S3-002584
S1-000878	S3-000772,S3-000773
S1-000879	S2-000757,S3-000774
S1-000880	S2-000758,S3-000775
S1-000881	S3-000776,S2-000759
S1-000882	
S1-000883	S2-000761,S3-000777,S2-000760
S1-000884	S3-000778,S2-000762,S3-000779
S1-000885	S3-000782,S3-000780,S3-000781
S1-000886	S3-000783
S1-000887	S2-000764,S2-000763,S3-000784
S1-000888	S2-000767,S2-000766,S2-000765,S3-000785
S1-000889	S3-000786,S3-003458
S1-000890	S2-000768
S1-000891	S3-000787
S1-000892	S3-000788,S2-000769
S1-000893	
S1-000894	S3-000789
S1-000895	
S1-000896	S3-000790,S2-003120
S1-000897	
S1-000898	S2-000770
S1-000899	S3-000791
S1-000900	S3-000792,S2-000771,S2-000772
S1-000901	S3-000793
S1-000902	S2-000774,S3-000794,S2-000773,S3-000795
S1-000903	
S1-000904	S2-000775,S3-000796
S1-000905	S3-000797,S2-000776,S2-000777
S1-000906	S3-000798
S1-000907	
S1-000908	
S1-000909	S2-000779,S2-000778,S2-000780,S3-000799
S1-000910	S2-000781,S3-000801,S3-000800
S1-000911	S3-000802,S2-000783,S2-000782
S1-000912	S3-000803,S3-000804,S2-000784
S1-000913	S3-000805
S1-000914	S2-000786,S2-000785
S1-000915	S2-000787,S2-000789,S2-000788
S1-000916	S2-000790
S1-000917	S2-000791
S1-000918	S2-000792
S1-000919	S3-000807,S3-000806,S2-002058
S1-000920	S3-000808
S1-000921	S2-000793,S3-000809,S2-000794
S1-000922	S3-000811,S2-000795,S3-000810
S1-000923	S3-000812
S1-000924	S3-000813
S1-000925	S2-000796
S1-000926	S3-000814,S3-000815,S2-000797
S1-000927	S3-000816,S2-000798
S1-000928	S3-000817,S3-002730
S1-000929	S3-000818,S2-000799,S2-000800
S1-000930	S2-000802,S2-000801
S1-000931	S2-000803
S1-000932	S3-000820,S3-000819,S2-000804
S1-000933	S2-000805
S1-000934	S2-000806,S2-000807
S1-000935	S3-000821,S2-000808
S1-000936	S3-000822,S2-000809
S1-000937	S2-000810
S1-000938	S2-000811,S2-002602,S3-002594
S1-000939	S3-000824,S2-000813,S3-000823,S2-000812
S1-000940	S2-000814,S3-000825
S1-000941	S2-000815
S1-000942	S2-000816,S2-000817,S3-002949
S1-000943	S2-000818
S1-000944	S2-000821,S2-000819,S2-000820,S3-000826,S3-000599
S1-000945	S2-000823,S3-000827,S2-000824,S2-000822
S1-000946	S3-000828,S3-000829,S2-000827,S2-000826,S2-000825
S1-000947	S3-000830
S1-000948	S2-000828
S1-000949	S3-000831,S2-000829
S1-000950	S3-000832,S3-000833
S1-000951	S2-000830,S3-000836,S3-000835,S3-000834
S1-000952	S2-000832,S2-000833,S2-000831
S1-000953	S2-000834,S3-000837
S1-000954	S3-000839,S3-000838
S1-000955	S3-000841,S3-000840,S2-000835
S1-000956	S3-000842,S2-000836
S1-000957	S2-000837,S2-003038
S1-000958	S3-000843,S2-000838,S3-003216
S1-000959	S2-000839,S3-000844
S1-000960	S3-000845
S1-000961	S2-000840,S3-000846
S1-000962	S2-000841
S1-000963	S3-000847,S2-000842
S1-000964	S2-000843
S1-000965	S2-000846,S2-000844,S2-000845
S1-000966	S3-000848
S1-000967	S3-000850,S2-000847,S2-000848,S3-000849
S1-000968	S3-000851
S1-000969	
S1-000970	S3-000854,S3-000852,S2-000850,S3-000853,S2-000849
S1-000971	S3-000855
S1-000972	S2-000851,S3-000856
S1-000973	S3-000857
S1-000974	S3-000858,S2-000852
S1-000975	S2-000853,S2-000854
S1-000976	S3-000860,S2-000855,S3-000859
S1-000977	
S1-000978	S3-000861,S2-000856
S1-000979	
S1-000980	S3-000862,S2-000858,S2-000857
S1-000981	S3-000865,S3-000863,S3-000864
S1-000982	S2-000861,S2-000860,S2-000859,S3-000866
S1-000983	S3-000867,S2-000862
S1-000984	S2-000863,S3-000868
S1-000985	S3-000869,S2-000865,S2-000864
S1-000986	S2-000867,S2-000866
S1-000987	S2-000868,S3-000870
S1-000988	S3-000871,S3-000872
S1-000989	
S1-000990	S3-000874,S3-000873,S2-000869
S1-000991	
S1-000992	S3-000875,S2-002958
S1-000993	S2-000871,S2-000870
S1-000994	
S1-000995	S2-000872
S1-000996	S3-000876,S3-000877
S1-000997	S3-000880,S3-000879,S3-000878,S2-003305
S1-000998	S2-000873,S3-000881
S1-000999	S3-000882
S1-001000	S2-000874,S2-000875
S1-001001	S3-000883,S2-002792,S2-000877,S2-000876
S1-001002	S3-000884,S2-000878
S1-001003	S2-000879
S1-001004	S2-000880
S1-001005	S2-000881
S1-001006	S2-000882
S1-001007	S3-000885,S2-000883
S1-001008	S3-000886
S1-001009	S2-000886,S2-000884,S2-000885
S1-001010	S2-000888,S2-000887,S3-000887
S1-001011	S3-000888,S2-000889
S1-001012	S2-000890
S1-001013	S3-000889,S2-000891,S3-000890,S2-000892,S3-000891
S1-001014	S3-000891,S3-000889
S1-001015	S3-000892,S3-000893,S2-000893
S1-001016	S3-000894,S2-000894
S1-001017	S2-000895,S3-000895
S1-001018	S2-000896
S1-001019	S2-000897,S3-000896,S3-000897
S1-001020	S2-000898,S2-000899,S2-000900
S1-001021	S2-000901,S2-000902
S1-001022	
S1-001023	S2-000903,S3-000899,S3-000900
S1-001024	S2-000904
S1-001025	S3-000901,S2-000905
S1-001026	
S1-001027	S2-000906
S1-001028	S3-000902
S1-001029	S3-000904,S3-000903,S2-001819
S1-001030	S2-000907,S3-000905
S1-001031	S3-000906,S2-000908
S1-001032	S2-000910,S2-000911,S2-000909
S1-001033	S3-000907,S3-000908
S1-001034	S3-000909,S3-000910,S3-000911
S1-001035	S2-000912
S1-001036	S2-000913
S1-001037	
S1-001038	S3-000912
S1-001039	S2-000915,S2-000914
S1-001040	S3-000913,S2-003265
S1-001041	S2-000916,S3-000915,S3-000914
S1-001042	S3-000916,S2-000917
S1-001043	S3-000917,S2-000918,S2-000919
S1-001044	S2-000920
S1-001045	S3-000918
S1-001046	S2-000921
S1-001047	
S1-001048	S3-000919
S1-001049	S3-000920,S2-000922
S1-001050	S2-000923,S3-000922,S2-000924,S3-000921,S3-000923
S1-001051	S3-000925,S2-000926,S3-000924,S2-000925
S1-001052	S2-000927,S3-000926
S1-001053	S3-000927,S2-000928
S1-001054	S2-000929,S3-000928
S1-001055	S2-000930
S1-001056	S2-000931,S3-000929
S1-001057	S3-000930
S1-001058	S3-000931,S2-000932
S1-001059	S2-000933
S1-001060	S3-000932
S1-001061	S3-000933
S1-001062	S3-000934
S1-001063	S3-000935
S1-001064	
S1-001065	S2-000934
S1-001066	S3-000937
S1-001067	S2-000935,S3-000938
S1-001068	
S1-001069	S2-000936
S1-001070	S2-000937,S3-000939
S1-001071	S2-000938,S3-000940
S1-001072	S3-000941,S2-003452
S1-001073	S2-000939
S1-001074	
S1-001075	S2-000940,S3-000943,S3-000942,S2-000941
S1-001076	S2-000942,S3-000944
S1-001077	S2-000945,S2-000943,S2-000944
S1-001078	S3-000945,S2-000946
S1-001079	S3-000946,S2-000947
S1-001080	
S1-001081	S2-000948,S3-000947,S3-000948,S3-000949
S1-001082	S3-000950
S1-001083	S2-000949
S1-001084	S3-000951
S1-001085	S3-000952,S2-000950
S1-001086	S3-000954,S3-000955,S3-000953
S1-001087	S2-000951,S3-000956
S1-001088	S2-000952
S1-001089	S2-000953,S3-000957
S1-001090	S2-000954,S2-003438
S1-001091	S2-000955
S1-001092	S3-000958
S1-001093	S3-000960,S3-000961,S3-000959,S2-000956
S1-001094	
S1-001095	
S1-001096	S3-000962
S1-001097	S2-000957
S1-001098	S3-000963
S1-001099	S3-000964,S3-000965,S2-000958
S1-001100	S2-000959,S3-000966,S3-000967
S1-001101	S2-000960,S2-000961,S3-000968,S2-000962
S1-001102	S3-000971,S3-000969,S2-000963,S3-000970
S1-001103	S2-000964,S3-000973,S3-000972,S3-003444
S1-001104	S2-000965
S1-001105	S3-000974,S2-000966
S1-001106	
S1-001107	S3-000975
S1-001108	S2-000967,S2-000968
S1-001109	S3-000976,S2-000969,S2-000970
S1-001110	S2-000971,S3-000977
S1-001111	S3-000978,S2-000972
S1-001112	S2-000973,S3-000979
S1-001113	
S1-001114	S2-000974
S1-001115	S3-000980,S2-000975,S3-000981
S1-001116	S3-000982,S3-000983
S1-001117	S2-000977,S2-000976
S1-001118	S3-000984,S2-000978
S1-001119	S3-000986,S3-000985
S1-001120	S3-000987
S1-001121	S3-000990,S3-000988,S3-000989
S1-001122	S3-000991,S2-000979
S1-001123	S2-000980,S2-000981
S1-001124	S2-000982
S1-001125	S2-000983
S1-001126	S2-000984,S3-000992
S1-001127	S3-000993,S2-000985
S1-001128	S3-000994,S2-000986,S3-000995
S1-001129	S2-000987
S1-001130	S3-000996,S2-000988
S1-001131	S2-000989
S1-001132	S3-000997,S3-000998
S1-001133	S2-000990
S1-001134	S3-000999,S2-000991
S1-001135	S3-001000
S1-001136	S3-001001
S1-001137	S3-001002,S3-001004,S2-000993,S2-000992,S3-001003
S1-001138	S3-001005,S2-000994
S1-001139	S2-000995,S3-001007,S3-001006
S1-001140	
S1-001141	S3-001008,S2-000996
S1-001142	S2-000998,S3-001009,S2-000997
S1-001143	S2-000999,S3-001010,S3-001665,S2-002655
S1-001144	S3-001011
S1-001145	S3-001012
S1-001146	S3-001013,S2-001000
S1-001147	S2-001001,S3-001014,S2-001002
S1-001148	S2-001003,S3-001015,S2-001005,S2-001004
S1-001149	S2-001006,S3-001017,S3-001016
S1-001150	S3-001018,S2-001007,S2-001008
S1-001151	S3-001019,S2-001009
S1-001152	S3-001020,S2-001011,S2-001010
S1-001153	S3-001023,S3-001021,S3-001022
S1-001154	S3-001024
S1-001155	S2-001012,S3-001025
S1-001156	S2-001013
S1-001157	S3-001026,S2-001014,S3-001027
S1-001158	S3-001028
S1-001159	S2-001015,S3-001029
S1-001160	S2-001016,S3-001031,S3-001030
S1-001161	
S1-001162	
S1-001163	S3-001032,S2-001017
S1-001164	S3-001033,S2-001018
S1-001165	S2-001019
S1-001166	S2-001021,S3-001034,S2-001020,S3-001035
S1-001167	S2-001022
S1-001168	S2-001023,S3-001036
S1-001169	S2-001025,S3-001037,S2-001024
S1-001170	S2-001026,S3-001038
S1-001171	S3-001039
S1-001172	S2-001027,S3-001040,S3-001039
S1-001173	S2-001028,S3-001041
S1-001174	S2-001029,S3-001042
S1-001175	S2-001031,S2-001030,S3-001043
S1-001176	S2-001032,S3-001044
S1-001177	S2-001034,S3-001045,S2-001035,S2-001033,S2-000014
S1-001178	S2-001037,S3-001046,S2-001036
S1-001179	S2-001039,S2-001038,S3-001047
S1-001180	S3-001048
S1-001181	S2-001040,S3-001049
S1-001182	
S1-001183	S3-001050
S1-001184	S2-001041,S3-001051,S2-001042
S1-001185	S3-001052,S2-001043
S1-001186	S2-001045,S2-001044
S1-001187	S2-001046
S1-001188	S3-001053
S1-001189	S3-001054
S1-001190	S3-001055,S2-001047
S1-001191	
S1-001192	
S1-001193	
S1-001194	S3-001056,S3-001057
S1-001195	S3-002931
S1-001196	S3-001058,S2-001048,S2-001049
S1-001197	S2-001050
S1-001198	S2-001051,S3-001059
S1-001199	S3-001060,S2-001052
S1-001200	S3-001061,S3-001063,S3-001062
S1-001201	S2-001055,S2-001054,S3-001064,S2-001053
S1-001202	S2-001056
S1-001203	S3-001065,S3-002919
S1-001204	S3-001066
S1-001205	
S1-001206	S2-001057
S1-001207	S3-001067
S1-001208	S3-001068,S2-001058
S1-001209	S2-001059,S2-000026
S1-001210	S3-001070,S3-001069,S2-001060
S1-001211	S2-001061,S3-001071
S1-001212	S2-001062
S1-001213	S2-001063,S2-001064
S1-001214	S3-001072,S2-001066
S1-001215	S2-001067
S1-001216	S3-001073,S2-001068
S1-001217	S3-001074
S1-001218	S2-001069
S1-001219	S3-001075,S2-001070
S1-001220	S3-001076,S2-001071
S1-001221	S2-001073,S3-001077,S2-001072,S3-001078
S1-001222	S3-001079,S3-001080
S1-001223	S3-001081
S1-001224	S3-001082
S1-001225	S3-001083,S2-001074
S1-001226	
S1-001227	S2-001075,S3-001084
S1-001228	S2-001077,S2-001076
S1-001229	
S1-001230	S2-001079,S2-001078
S1-001231	S2-001080
S1-001232	S3-001085,S2-001081
S1-001233	S2-001082,S3-001086
S1-001234	S3-001087,S2-001083
S1-001235	S2-001084,S3-001088
S1-001236	S3-001089,S2-001085,S3-001090
S1-001237	
S1-001238	S2-001086,S3-001091
S1-001239	S2-001087
S1-001240	S3-001094,S3-001092,S3-001093
S1-001241	S3-001095
S1-001242	S2-001088,S3-001096
S1-001243	
S1-001244	S2-001089
S1-001245	S2-001092,S2-001091,S3-001097,S2-001090
S1-001246	S3-001098,S2-001093
S1-001247	S3-001099,S3-001100
S1-001248	
S1-001249	S3-001101,S2-001094
S1-001250	
S1-001251	S2-001095
S1-001252	S3-001102,S3-001103
S1-001253	S2-001096
S1-001254	S3-001104
S1-001255	S2-001097
S1-001256	S2-001099,S3-001105,S2-001098
S1-001257	S2-001100,S2-001101
S1-001258	S2-001102
S1-001259	S2-001103,S3-001106
S1-001260	S3-001107
S1-001261	S2-001104,S2-001686
S1-001262	
S1-001263	S3-001108
S1-001264	S2-001105,S3-001109
S1-001265	
S1-001266	S2-001106,S3-001110,S3-001111
S1-001267	S3-001111,S3-001112,S2-001106
S1-001268	S3-001113
S1-001269	S3-001114
S1-001270	
S1-001271	S3-001116
S1-001272	S3-001117,S2-001107
S1-001273	
S1-001274	S2-001108
S1-001275	S2-001109,S3-001118,S3-001119
S1-001276	S3-001120,S3-001121,S2-001110
S1-001277	S3-001123,S2-001112,S2-001113,S2-001111,S3-001122
S1-001278	S3-001124
S1-001279	S2-001114,S3-001125
S1-001280	S3-001126,S2-001115
S1-001281	S3-001127
S1-001282	S3-001128,S2-001116
S1-001283	S3-001129,S2-001118,S2-001117
S1-001284	
S1-001285	S2-001119
S1-001286	S3-001130
S1-001287	S2-001121,S2-001120,S3-001131
S1-001288	S2-001122,S3-001132
S1-001289	S3-001133,S2-001123
S1-001290	S3-001135,S3-001136,S3-001134
S1-001291	S3-001138,S3-001137
S1-001292	S2-001124
S1-001293	S2-001127,S2-001126,S2-001125
S1-001294	S3-001139,S2-001128
S1-001295	S3-001140,S2-001130,S2-001129
S1-001296	S2-001131
S1-001297	S2-001132,S3-001142,S3-001141
S1-001298	S2-001133,S3-001143,S2-001135,S2-001134
S1-001299	S3-001145,S2-001136,S3-001144
S1-001300	S3-001146,S2-001138,S3-001147,S2-001137
S1-001301	S2-001139,S3-001148
S1-001302	S3-001149,S2-001140
S1-001303	S3-001150
S1-001304	S2-001141,S3-001151
S1-001305	S2-001142,S3-001153,S3-001152
S1-001306	
S1-001307	S3-001154
S1-001308	S2-001144,S3-001155,S2-001145
S1-001309	S2-001147,S2-001146
S1-001310	
S1-001311	S3-001156
S1-001312	S3-001157,S2-001148,S2-001722
S1-001313	S2-001149,S3-001158
S1-001314	S2-001151,S3-001159,S2-001150,S2-001152
S1-001315	S3-001160,S2-001153
S1-001316	S2-001156,S2-001155,S2-001154,S3-001161
S1-001317	S2-001157,S3-001162
S1-001318	S2-001158
S1-001319	S2-003504
S1-001320	S2-001159,S3-001163
S1-001321	S2-001160
S1-001322	S2-001161
S1-001323	S3-001164
S1-001324	S3-001166,S2-001162,S3-001165
S1-001325	S3-001167,S2-001164,S2-001163
S1-001326	S2-001165
S1-001327	
S1-001328	S2-001166,S3-001168
S1-001329	S2-001168,S2-001167
S1-001330	S3-001169,S2-001169,S3-001170
S1-001331	S3-001171,S2-001170
S1-001332	S2-001171,S2-001172
S1-001333	S2-001173,S2-001174
S1-001334	S3-001173,S3-001172
S1-001335	S2-001175
S1-001336	S3-001175,S3-001174
S1-001337	S3-001176,S2-001176
S1-001338	S2-001178,S2-001177
S1-001339	S3-001177,S3-001178
S1-001340	S3-001179
S1-001341	S2-001179
S1-001342	S3-001180,S2-001180
S1-001343	S2-001181,S3-001181
S1-001344	S3-001182
S1-001345	S2-001182,S3-001183
S1-001346	S2-001183,S3-001184
S1-001347	S3-001185
S1-001348	S3-001186,S2-001184
S1-001349	
S1-001350	S2-001185,S2-001186
S1-001351	S2-001187,S3-001187
S1-001352	S2-001188,S2-001189,S2-001190
S1-001353	S2-001191
S1-001354	S2-001192
S1-001355	S2-001193,S3-001188
S1-001356	S2-001194,S3-001189
S1-001357	S2-001195,S3-001190
S1-001358	
S1-001359	S3-001191
S1-001360	S2-001196,S3-001192
S1-001361	S2-001197,S3-001193,S3-001194
S1-001362	S2-001198,S3-001195,S2-001199,S2-001200
S1-001363	S3-001197,S2-001201,S3-001196
S1-001364	S3-001198,S3-001200,S3-001199,S2-001203,S2-001202
S1-001365	S3-001201,S2-001204
S1-001366	S2-001205,S3-001202
S1-001367	
S1-001368	S2-001206,S3-001203
S1-001369	S3-001204
S1-001370	S3-001205,S2-001207,S2-001208
S1-001371	
S1-001372	S3-001206
S1-001373	S2-001209
S1-001374	S3-001207,S3-001208
S1-001375	S3-001209,S2-001210
S1-001376	
S1-001377	S2-001213,S2-001211,S2-001212
S1-001378	S2-001214,S3-002110
S1-001379	
S1-001380	S3-001210
S1-001381	S2-001215
S1-001382	
S1-001383	S3-001212,S3-001211
S1-001384	S3-001213
S1-001385	S3-001213
S1-001386	S2-001216
S1-001387	S2-001217
S1-001388	S3-001214
S1-001389	S3-001215
S1-001390	S2-001551
S1-001391	S2-001218,S3-001216
S1-001392	S2-001219,S3-001217
S1-001393	S2-001220,S3-001218
S1-001394	S2-001221
S1-001395	S3-001219
S1-001396	S3-001221,S3-001220,S2-001222
S1-001397	S3-001222
S1-001398	S3-001224,S3-001223
S1-001399	S3-001225,S2-001224
S1-001400	S3-001226
S1-001401	S2-001225
S1-001402	S3-001228,S3-001227
S1-001403	S2-001226,S2-001227
S1-001404	S3-001229
S1-001405	S3-001232,S3-001231,S2-001228,S3-001230
S1-001406	S3-001233,S3-001234,S2-001229
S1-001407	
S1-001408	S2-001230
S1-001409	S3-001235,S2-001231
S1-001410	S2-001232
S1-001411	S2-001233,S3-001236
S1-001412	S2-001234,S2-001235,S2-002291
S1-001413	S3-001217,S2-001219
S1-001414	S2-001236,S3-001237
S1-001415	S3-001239,S3-001238
S1-001416	S3-001240,S2-001237
S1-001417	S3-001241,S2-001238
S1-001418	S3-001242,S2-001239,S3-001243
S1-001419	S3-001244
S1-001420	S3-001245
S1-001421	S2-001240
S1-001422	S2-001241,S3-001246
S1-001423	S3-001247,S2-001243,S2-001242
S1-001424	S2-001245,S2-001244,S2-001246
S1-001425	S3-001248,S2-001247,S2-001248
S1-001426	S3-001249
S1-001427	
S1-001428	S2-001249,S3-001250
S1-001429	S2-001250
S1-001430	
S1-001431	S3-001251,S2-001251
S1-001432	S3-001252,S2-001252
S1-001433	S2-001253,S3-003347
S1-001434	S3-001253
S1-001435	S3-001254,S2-001254
S1-001436	S3-001255,S3-001256
S1-001437	S3-001257,S2-001255
S1-001438	S2-001257,S2-001258,S2-001256
S1-001439	S3-001259,S3-001258,S2-001259,S3-001260
S1-001440	S3-001261,S2-001260,S2-001261
S1-001441	S3-001262
S1-001442	S2-001263,S2-001264
S1-001443	S3-001263,S3-001265,S3-001264
S1-001444	S3-001266,S2-001267,S2-001265,S2-001266
S1-001445	S2-001268,S3-001734
S1-001446	S2-001269
S1-001447	S3-001267
S1-001448	S3-001268
S1-001449	S3-001269,S2-001270,S3-001270
S1-001450	
S1-001451	S2-001271
S1-001452	S3-001271
S1-001453	S3-001272
S1-001454	S2-001272
S1-001455	S2-001274,S3-001273,S2-001273
S1-001456	S2-001275
S1-001457	S2-001276
S1-001458	S3-001274
S1-001459	
S1-001460	S2-001277
S1-001461	S2-001278,S3-001275,S2-001279
S1-001462	S2-001280,S3-001276
S1-001463	S2-001281,S3-001277
S1-001464	S3-001278,S2-001282
S1-001465	
S1-001466	S2-001283,S3-001279
S1-001467	S2-001284,S3-001280
S1-001468	S3-001282,S3-001281,S2-001285
S1-001469	S2-001286,S3-001283
S1-001470	S2-001287,S3-001284
S1-001471	S2-001288,S2-001289
S1-001472	S2-001290,S3-001285
S1-001473	S3-001288,S3-001286,S2-001291,S3-001287
S1-001474	S2-001292,S3-001289
S1-001475	S2-001293
S1-001476	S2-001295,S3-001290,S2-001294
S1-001477	S3-001291
S1-001478	S2-001296
S1-001479	S3-001292,S2-001297
S1-001480	
S1-001481	S2-001298,S3-001293,S2-001299
S1-001482	S2-001300,S3-001294
S1-001483	S3-001295,S2-001301,S3-001296
S1-001484	S3-001297
S1-001485	
S1-001486	
S1-001487	S2-001304,S2-001302,S2-001303
S1-001488	S3-001298,S2-001306,S2-001305
S1-001489	S3-001299
S1-001490	S3-001300,S3-001188
S1-001491	
S1-001492	S2-001308,S2-001307,S3-001301,S3-001303,S3-001302
S1-001493	
S1-001494	S3-001305,S3-001304,S2-001309
S1-001495	S2-001310
S1-001496	S3-001306,S2-001311
S1-001497	S2-001312,S3-001307
S1-001498	S2-001313,S3-001308
S1-001499	S3-001309,S2-001314,S2-001315
S1-001500	S2-001316,S3-001310
S1-001501	S2-001317,S3-001311,S3-001312
S1-001502	S2-001320,S2-001319,S2-001318,S3-001314
S1-001503	S2-001321,S2-001322
S1-001504	S2-001323
S1-001505	S2-001324,S2-001326,S3-001315,S2-001325
S1-001506	S2-001327,S3-001316
S1-001507	S3-001317,S2-001328
S1-001508	S3-001318
S1-001509	S2-001329,S2-001330
S1-001510	S2-001332,S2-001331
S1-001511	S3-001320,S3-001319
S1-001512	S2-001333,S2-001334
S1-001513	S3-001321,S2-001335,S3-002635
S1-001514	S3-001322,S2-001336
S1-001515	S3-001323
S1-001516	S2-001337,S3-001325,S3-001324
S1-001517	S3-001326,S2-001338
S1-001518	S3-001327,S2-001339
S1-001519	S2-001340,S3-001328
S1-001520	S3-001329
S1-001521	S2-001341
S1-001522	S3-001331,S3-001330,S2-001152
S1-001523	S3-001332
S1-001524	S2-001342
S1-001525	S2-001344,S3-001333,S2-001343
S1-001526	S2-001345,S3-001334
S1-001527	S3-001335,S2-001346,S3-001336
S1-001528	S3-001337
S1-001529	S3-001339,S3-001338,S3-002852
S1-001530	
S1-001531	S2-001347
S1-001532	S3-001340,S2-001348
S1-001533	S3-001341
S1-001534	
S1-001535	S2-001349,S2-001351,S2-001350
S1-001536	S2-001352,S2-001353,S3-001342
S1-001537	S3-001343,S2-001354
S1-001538	S2-001355,S3-001344,S3-001345
S1-001539	S3-001346
S1-001540	S3-001347,S2-001356
S1-001541	
S1-001542	S2-001357,S3-001348
S1-001543	S2-001358
S1-001544	S3-001349
S1-001545	S2-001359
S1-001546	S2-001360,S3-001350,S2-001361
S1-001547	S2-001362,S3-001351
S1-001548	S3-001352
S1-001549	S2-001363,S3-001354,S3-001353
S1-001550	S3-001355,S2-001365,S2-001364
S1-001551	S2-001366
S1-001552	S2-001367,S3-001358,S3-001356,S3-001357
S1-001553	
S1-001554	S2-001368,S3-001359
S1-001555	S2-001369
S1-001556	S3-001360
S1-001557	S3-001361,S2-001370
S1-001558	S3-001362,S3-001363
S1-001559	S3-001364
S1-001560	S3-001366,S3-001365
S1-001561	S3-001367,S2-001371
S1-001562	
S1-001563	S3-001368
S1-001564	S3-001371,S3-001370,S2-001372,S3-001369,S3-002967
S1-001565	S3-001372,S2-001375,S2-001373,S2-001374
S1-001566	S3-001374,S2-001376,S3-001373
S1-001567	S2-001378,S2-001377,S3-001375
S1-001568	
S1-001569	S2-001379,S3-001376
S1-001570	S2-001380
S1-001571	S2-001381
S1-001572	S3-001377
S1-001573	S2-001382
S1-001574	S2-001383,S2-001384
S1-001575	S3-001378,S2-001385
S1-001576	S3-001379,S3-001380,S2-001386
S1-001577	S2-001387
S1-001578	S3-001382,S2-001389,S2-001388,S3-001383
S1-001579	S3-001384
S1-001580	S2-001390,S2-001391
S1-001581	
S1-001582	S2-001393,S2-001392
S1-001583	S2-001394,S3-001385,S3-001420
S1-001584	S3-001386,S2-001395,S2-001396
S1-001585	S2-001397,S2-001398
S1-001586	S2-001399,S3-001387
S1-001587	S3-001388
S1-001588	
S1-001589	S3-001389
S1-001590	S2-001400
S1-001591	S3-001390,S2-001401
S1-001592	S3-001391
S1-001593	S2-001403,S2-001402,S3-001392,S2-001404
S1-001594	S3-001393,S2-001405
S1-001595	S3-001394,S2-001406,S2-001407
S1-001596	S2-001409,S2-001408,S3-001182
S1-001597	
S1-001598	S2-001412,S2-001410,S2-001411,S3-001395
S1-001599	S2-001413,S3-001396
S1-001600	S3-001397,S2-001414
S1-001601	S2-001415,S2-001463
S1-001602	S2-001416,S3-001398
S1-001603	S2-001418,S2-001417,S3-001399
S1-001604	S2-001420,S3-001400,S3-001401,S3-001402
S1-001605	S2-001421
S1-001606	S3-001403
S1-001607	S2-001422
S1-001608	
S1-001609	
S1-001610	S2-001424,S2-001423,S2-001425
S1-001611	S2-001426
S1-001612	S2-001427,S3-001404
S1-001613	S3-001405
S1-001614	S3-001406,S2-001429,S2-001428
S1-001615	S3-001408,S3-001407,S2-001430
S1-001616	S3-001409
S1-001617	
S1-001618	S3-001410
S1-001619	S3-001411,S3-001412,S2-001431
S1-001620	S2-001432,S2-001433
S1-001621	S3-001413,S3-001414,S2-001435,S2-001434
S1-001622	S3-001417,S3-001415,S3-001416
S1-001623	S3-001418,S2-003060
S1-001624	S2-001436,S3-001419
S1-001625	S2-001439,S2-001437,S2-001438
S1-001626	S2-001440,S3-001420
S1-001627	S2-001441
S1-001628	S2-001442
S1-001629	S3-001421,S2-001443
S1-001630	S3-001422
S1-001631	S3-001423
S1-001632	S2-001444,S3-001424
S1-001633	S3-001425
S1-001634	S2-001445
S1-001635	S3-001426
S1-001636	S2-001446,S3-001427,S3-001428,S2-001447
S1-001637	S2-001448,S2-001449
S1-001638	S3-001430,S2-001451,S2-001450,S3-001429
S1-001639	S2-001452
S1-001640	S2-001453
S1-001641	S2-001455,S2-001454
S1-001642	S2-001456
S1-001643	S3-001432,S2-001457
S1-001644	S2-001458,S3-001433
S1-001645	
S1-001646	S3-001435,S3-001434
S1-001647	S3-001436
S1-001648	S3-001437,S3-001438,S2-001459
S1-001649	S2-001460
S1-001650	S2-001461,S3-001439
S1-001651	S3-001440,S2-001462
S1-001652	S2-001463
S1-001653	S3-001441
S1-001654	S2-001465,S2-001464,S2-003529
S1-001655	S2-001467,S3-001442,S2-001466
S1-001656	
S1-001657	
S1-001658	
S1-001659	S2-001468,S3-001443
S1-001660	S3-001444,S3-001445
S1-001661	S3-001447,S3-001445,S2-001469,S3-001446
S1-001662	S3-001448
S1-001663	S2-001470
S1-001664	S3-001449
S1-001665	S2-001471
S1-001666	S2-001472,S3-001450
S1-001667	S3-001451,S2-001473
S1-001668	S2-001474,S2-000419
S1-001669	S2-001477,S2-001476,S2-001475,S3-001452
S1-001670	
S1-001671	S3-001454,S3-001455,S3-001453
S1-001672	S3-001456,S2-001478
S1-001673	S3-001457,S2-001479
S1-001674	S2-001480
S1-001675	S2-001481,S3-001458
S1-001676	S3-001460,S2-001482,S3-001459
S1-001677	S3-001461
S1-001678	S3-001462,S2-001483,S3-001463
S1-001679	S2-001484
S1-001680	S3-001464,S2-001485
S1-001681	S3-001465,S2-001486,S2-001487
S1-001682	S2-001488
S1-001683	S3-001466,S2-001489
S1-001684	S2-001490,S3-001467,S3-001466
S1-001685	S2-001491
S1-001686	S3-001468
S1-001687	S2-001493,S2-001492
S1-001688	S3-001469,S2-001494
S1-001689	S2-001495,S3-001470,S3-003266
S1-001690	S2-001496,S2-001497,S3-001471
S1-001691	S3-001472
S1-001692	S3-001474,S2-001498,S3-001473,S2-001499
S1-001693	S3-001475,S2-001500
S1-001694	S2-001501
S1-001695	S3-001476,S2-001502
S1-001696	S3-001477,S2-001503
S1-001697	S2-001504
S1-001698	S3-001478
S1-001699	S3-001479
S1-001700	S2-001505
S1-001701	S2-001507
S1-001702	S3-001480,S3-001481
S1-001703	S2-001508
S1-001704	S3-001482
S1-001705	S2-001509,S2-001510,S3-001483
S1-001706	S2-001511,S3-001484
S1-001707	S3-001486,S3-001485
S1-001708	S3-001487
S1-001709	S3-001488,S2-001512
S1-001710	S3-001490,S3-001489,S2-001513
S1-001711	
S1-001712	S3-001492,S3-001491,S2-001514
S1-001713	S2-001515,S3-001493
S1-001714	S3-001494,S3-001495,S2-001516
S1-001715	
S1-001716	S3-001496
S1-001717	S2-001519,S2-001517,S2-001518
S1-001718	
S1-001719	S2-001520
S1-001720	S2-001521
S1-001721	S3-001497,S2-001522,S2-001523
S1-001722	
S1-001723	S3-001498
S1-001724	S2-001524,S3-001499,S2-001525
S1-001725	S3-001500,S3-001501
S1-001726	S3-001502
S1-001727	S2-001526
S1-001728	S2-001527
S1-001729	
S1-001730	S3-001503,S3-001504
S1-001731	S3-001505
S1-001732	S2-001528,S3-001506,S3-001507
S1-001733	
S1-001734	S3-001508,S2-001529
S1-001735	S3-001510,S2-001530,S3-001509
S1-001736	S2-001531,S3-001513,S3-001511,S3-001512
S1-001737	S3-001514
S1-001738	S2-001532
S1-001739	
S1-001740	S3-001515,S2-001533,S3-001516
S1-001741	S2-001534
S1-001742	
S1-001743	
S1-001744	S2-001535,S2-001057
S1-001745	S3-001517
S1-001746	
S1-001747	S3-001518
S1-001748	S3-001519
S1-001749	
S1-001750	S3-001520,S3-001521
S1-001751	S2-001536,S3-001522
S1-001752	S3-001523,S2-001538,S2-001537
S1-001753	S2-001539,S3-001524
S1-001754	S2-001540,S3-001526,S2-001541,S3-001525,S2-001542
S1-001755	S3-001527,S2-001543,S3-001528
S1-001756	S2-001544,S3-001529,S2-001545
S1-001757	S2-001546,S3-001530,S3-001531
S1-001758	S2-001547
S1-001759	S3-001532,S2-001548
S1-001760	
S1-001761	S2-001549,S3-003321
S1-001762	S2-001550
S1-001763	S3-001533,S3-001534
S1-001764	S2-001551,S3-001535
S1-001765	S2-001553,S2-001552
S1-001766	
S1-001767	S3-001537,S2-001554
S1-001768	S2-001555
S1-001769	S2-001556,S3-001538,S3-001311
S1-001770	S3-001539
S1-001771	S2-001557,S3-001540
S1-001772	S3-001542,S3-001543,S3-001541
S1-001773	
S1-001774	S2-001558,S3-001544
S1-001775	S3-001545,S2-001559
S1-001776	S3-001546,S2-001560
S1-001777	S2-001561,S3-001547
S1-001778	S2-001562,S3-001548
S1-001779	S3-001549
S1-001780	S3-001550
S1-001781	S3-001551
S1-001782	S3-001552,S2-001564,S2-001563
S1-001783	S3-001553
S1-001784	S3-001555,S3-001554
S1-001785	S2-001565
S1-001786	S2-003277
S1-001787	S3-001557
S1-001788	S3-001558
S1-001789	S2-001566
S1-001790	
S1-001791	S2-001567,S3-001559,S3-001560
S1-001792	S3-001561
S1-001793	S2-001568
S1-001794	S2-001569,S3-001562,S2-001570,S2-001513
S1-001795	
S1-001796	S3-001563,S2-001571
S1-001797	S3-001564
S1-001798	S2-001573,S3-001566,S2-001572,S3-001565,S3-001567
S1-001799	
S1-001800	S3-001568,S3-001569,S3-001570
S1-001801	S3-001571,S2-001574
S1-001802	S2-001575,S3-001573,S3-001572
S1-001803	S3-001574,S3-002969
S1-001804	S2-001576,S3-001575
S1-001805	S3-001576
S1-001806	S2-001577
S1-001807	S3-001577,S2-001578,S2-001579
S1-001808	S3-001578
S1-001809	
S1-001810	S2-001580,S3-001579
S1-001811	S2-001582,S2-001583,S2-001581
S1-001812	S2-001584,S3-001580
S1-001813	S3-001581,S2-001585
S1-001814	S3-001582,S2-001586
S1-001815	S2-001587,S3-002278,S2-002304
S1-001816	S3-001583
S1-001817	S3-001584
S1-001818	S2-001588
S1-001819	
S1-001820	S2-001589
S1-001821	
S1-001822	S2-001590,S3-001585
S1-001823	S2-001591,S3-001586
S1-001824	S2-001592,S3-001587
S1-001825	S3-001589,S3-001588
S1-001826	
S1-001827	
S1-001828	S2-001593
S1-001829	S2-001594
S1-001830	S3-001590
S1-001831	S2-001595
S1-001832	S3-001591,S2-001596
S1-001833	S3-001592,S3-001594,S2-001597,S3-001593
S1-001834	S2-001598,S3-001592,S2-001597,S3-001594,S3-001593,S2-001882
S1-001835	S2-001600,S2-001599,S2-001601
S1-001836	S2-001602,S3-001595
S1-001837	S3-001596
S1-001838	S2-001603,S2-001604,S3-001597
S1-001839	S3-001598,S2-001605,S3-001599
S1-001840	
S1-001841	
S1-001842	S3-001600,S2-001606
S1-001843	S3-001601
S1-001844	S3-001603,S2-001607,S3-001602
S1-001845	
S1-001846	S2-001608
S1-001847	S2-001609,S3-001604,S2-003052
S1-001848	S3-001605
S1-001849	S2-001610,S2-002743
S1-001850	
S1-001851	S3-001606
S1-001852	
S1-001853	S2-001611
S1-001854	S3-001607,S2-001612
S1-001855	S3-001608,S3-001609,S2-001613
S1-001856	S3-001610
S1-001857	S2-001614,S3-001611
S1-001858	
S1-001859	S2-001615
S1-001860	S3-001612
S1-001861	S2-001616
S1-001862	S3-001614,S2-001618,S3-001613,S2-001617
S1-001863	S2-001619,S3-001616,S3-001615
S1-001864	S2-001620
S1-001865	S2-001622,S2-001621,S3-001607
S1-001866	S3-001617,S2-001623,S3-001619,S3-001618
S1-001867	S2-001624,S3-001620,S2-001625
S1-001868	S2-001626
S1-001869	S3-001621,S2-001627
S1-001870	
S1-001871	S3-001623,S2-001628,S3-001622
S1-001872	S2-001629,S3-001624
S1-001873	S2-001630,S3-001625
S1-001874	S2-001631,S3-001626
S1-001875	S3-001627
S1-001876	S2-001633,S2-001632
S1-001877	S3-001628
S1-001878	S3-001629,S3-002944
S1-001879	S2-001634
S1-001880	S3-001630,S2-001635,S3-001308
S1-001881	S2-001637,S2-001636,S3-002857,S2-001096
S1-001882	S3-001631,S2-001638
S1-001883	S3-001634,S3-001633,S2-001639
S1-001884	S3-001636,S3-001635,S3-001637
S1-001885	S2-001640,S3-001638
S1-001886	S3-001639
S1-001887	S3-001640
S1-001888	S3-001641,S2-000088
S1-001889	S2-001641,S2-001643,S2-001642,S2-003267
S1-001890	S3-001642,S2-001644,S2-001645
S1-001891	S2-001645,S3-001643,S2-001644
S1-001892	S2-001646,S3-001644,S2-001647
S1-001893	S3-001645,S2-001648,S3-001646
S1-001894	S3-001647,S3-001648,S2-001649
S1-001895	
S1-001896	S2-001650
S1-001897	S2-001651
S1-001898	S2-000827
S1-001899	
S1-001900	S3-001649,S3-001650,S2-001652
S1-001901	S2-001654,S3-001651,S2-001653
S1-001902	
S1-001903	S3-001652
S1-001904	S3-001653,S2-001656,S2-001655
S1-001905	S2-001658,S2-001657
S1-001906	S3-001654
S1-001907	S2-001660,S3-001655,S2-001659
S1-001908	S3-001658,S3-001656,S3-001657
S1-001909	S2-001661,S3-001659
S1-001910	S2-001662
S1-001911	S2-001663,S2-000822
S1-001912	S2-001664
S1-001913	S3-001660
S1-001914	S3-001661,S2-001665
S1-001915	S2-001666
S1-001916	
S1-001917	S2-001667,S3-001662
S1-001918	S2-001670,S2-001669,S2-001668,S3-001663
S1-001919	
S1-001920	S3-001664,S2-001671
S1-001921	S2-001672
S1-001922	S2-001673
S1-001923	S2-001674,S2-001675,S3-001665
S1-001924	S2-001676,S3-001666
S1-001925	
S1-001926	
S1-001927	S3-001667,S2-001677,S3-001668
S1-001928	
S1-001929	S3-001671,S3-001670,S3-001669
S1-001930	S3-001672,S2-001678,S3-001673
S1-001931	S3-001673,S3-001672
S1-001932	S3-001674,S2-001679
S1-001933	S3-001675
S1-001934	S2-001680,S3-001676
S1-001935	S3-001678,S2-001681,S3-001677
S1-001936	S3-001679,S2-001682
S1-001937	
S1-001938	S3-001681,S3-001680
S1-001939	S3-001682,S2-001683
S1-001940	S2-001684
S1-001941	S2-001685,S2-001686
S1-001942	S2-001687
S1-001943	S3-001683,S2-001688,S3-000392
S1-001944	S2-001689
S1-001945	S2-001691,S2-001690
S1-001946	S2-001693,S3-001684,S2-001692
S1-001947	S3-001685,S2-001694,S2-002652,S2-003135
S1-001948	S2-001695
S1-001949	S2-001696,S3-001686
S1-001950	S3-001687,S2-001697
S1-001951	
S1-001952	S3-001689,S2-001698,S3-001690
S1-001953	S2-001699,S3-001691
S1-001954	
S1-001955	S2-001700
S1-001956	S2-001701,S2-001702
S1-001957	S3-001692,S2-001703
S1-001958	S3-001693,S2-001704
S1-001959	S2-001706,S2-001705,S2-001707
S1-001960	S2-001709,S3-001695,S2-001708,S3-001694
S1-001961	S2-001711,S2-001710
S1-001962	S3-001696,S2-001712
S1-001963	S3-001698,S3-001697
S1-001964	
S1-001965	S2-001713,S3-001699,S3-001700
S1-001966	S3-001701,S2-001714
S1-001967	S2-001717,S2-001716,S2-001715
S1-001968	S3-001702
S1-001969	S3-001704,S3-001703
S1-001970	S2-001718,S2-002748
S1-001971	S2-001719
S1-001972	S2-001720,S3-001705
S1-001973	S2-001721
S1-001974	
S1-001975	S3-001706
S1-001976	S2-001722
S1-001977	S2-001723
S1-001978	S2-001724
S1-001979	S2-001725,S3-001708,S3-001707
S1-001980	S2-001726,S3-001709,S3-001710
S1-001981	S3-001711,S2-001727
S1-001982	S3-001713,S2-001728,S3-001712
S1-001983	S2-001729
S1-001984	S3-001714,S2-001730
S1-001985	S3-001715,S3-001716
S1-001986	S2-001731
S1-001987	S3-001717,S2-001732
S1-001988	S3-001719,S3-001720,S3-001718
S1-001989	S2-001733,S3-001721,S3-001722
S1-001990	S3-001723,S3-001725,S3-001724,S2-001734
S1-001991	S3-001727,S3-001726,S2-001735
S1-001992	S2-001736,S2-001737,S3-001728
S1-001993	S3-001731,S3-001730,S3-001729,S2-001738
S1-001994	S3-001732,S3-001733
S1-001995	S2-001739
S1-001996	S3-001735,S2-001740,S3-001734
S1-001997	S3-001736
S1-001998	S3-001737,S2-001741
S1-001999	S3-001738,S2-001742,S3-001739
S1-002000	S3-001740
S1-002001	S3-001741,S2-001743
S1-002002	S2-001744,S3-001742,S2-001745
S1-002003	S2-001746,S3-001743,S3-001744
S1-002004	S2-001747,S3-001745
S1-002005	S3-001746
S1-002006	
S1-002007	S2-001748
S1-002008	S2-001749,S2-001750
S1-002009	S3-001748,S2-001751
S1-002010	S3-001749
S1-002011	S3-001750,S2-001752
S1-002012	S2-001753
S1-002013	S3-001753,S3-001751,S3-001752
S1-002014	S2-001754
S1-002015	S3-001754
S1-002016	S3-001757,S3-001756,S2-001755,S3-001755
S1-002017	S2-001757,S3-001758,S2-001756
S1-002018	S2-001758,S2-001759
S1-002019	S3-001759
S1-002020	S3-001760,S3-001761
S1-002021	S3-001762,S3-001764,S3-001763
S1-002022	S3-001765,S2-001760,S2-001761
S1-002023	S2-001762
S1-002024	
S1-002025	S3-001766,S2-001763
S1-002026	S2-001765,S2-001764,S3-001767
S1-002027	S3-001769,S3-001768
S1-002028	S2-001766,S2-001767
S1-002029	S3-001770
S1-002030	S2-001768,S3-001771,S3-001772
S1-002031	
S1-002032	S3-001773,S2-001769
S1-002033	S3-001776,S3-001775,S3-001774
S1-002034	
S1-002035	S3-001777
S1-002036	S3-002692
S1-002037	S3-001778
S1-002038	S2-001770
S1-002039	S3-001779,S2-001771
S1-002040	S3-001781,S3-001780
S1-002041	S2-001772,S3-001782
S1-002042	S2-001774,S2-001773
S1-002043	S3-001783,S3-001784
S1-002044	S2-001776,S3-001786,S3-001785
S1-002045	S3-001787,S2-001778,S2-001777,S2-001779
S1-002046	S2-001780,S3-001788
S1-002047	S3-001791,S2-001781,S3-001790,S3-001789
S1-002048	S3-001793,S3-001792,S2-001782,S3-001794
S1-002049	S2-001783,S3-001795
S1-002050	S2-001785,S2-001784,S2-001786,S3-001796
S1-002051	S2-001787
S1-002052	S2-001788
S1-002053	S3-001798,S3-001797,S2-001789
S1-002054	S2-001791,S2-001790
S1-002055	S3-001799,S3-001800
S1-002056	
S1-002057	S2-001792,S3-001801
S1-002058	S2-001794
S1-002059	S2-001795
S1-002060	S2-001796,S2-001797,S3-001802,S2-002869
S1-002061	S3-001804,S2-001799,S3-001803,S2-001798
S1-002062	S2-001800,S3-001806,S3-001807,S3-001805,S2-001801
S1-002063	S2-001802
S1-002064	S2-001803
S1-002065	
S1-002066	S3-001808,S2-001804
S1-002067	S2-002818
S1-002068	S2-001805,S2-001806
S1-002069	S3-001809,S2-001807
S1-002070	S2-001808
S1-002071	S3-001810
S1-002072	S3-001811
S1-002073	S2-001809,S3-001812
S1-002074	S2-001810,S3-001813
S1-002075	S2-001811,S3-001816,S3-001815
S1-002076	S2-001812,S2-001813
S1-002077	S3-001817,S2-001814
S1-002078	S2-001815,S2-001816
S1-002079	S3-001820,S2-001817,S3-001819,S3-001818,S2-001818
S1-002080	S2-001819
S1-002081	S3-001821,S3-001822,S2-001820
S1-002082	S3-001823,S2-001821
S1-002083	S2-001822,S2-001824,S2-001823
S1-002084	S2-001825,S3-001824
S1-002085	S2-001826
S1-002086	S3-001825
S1-002087	
S1-002088	S2-001827,S2-002004
S1-002089	S2-001828
S1-002090	S3-001826
S1-002091	S3-001827,S2-001829
S1-002092	S2-001831,S3-001828,S2-001830
S1-002093	S3-001829
S1-002094	S2-001832,S3-001831,S3-001830
S1-002095	S3-001832,S2-001834,S2-001833
S1-002096	S3-001833,S2-001836,S2-001835
S1-002097	S2-001837
S1-002098	S2-001838
S1-002099	
S1-002100	S3-001834,S2-001839
S1-002101	S3-001835,S2-001841,S2-001840
S1-002102	S2-001842,S3-001836,S2-001844,S2-001843,S3-002080
S1-002103	S3-001837
S1-002104	S3-001838
S1-002105	S2-001845
S1-002106	S3-001839,S2-001846,S2-002420
S1-002107	S2-001847,S2-002805
S1-002108	S3-001841,S3-001840
S1-002109	S2-001848,S3-001842
S1-002110	S3-001843
S1-002111	S2-001849,S3-001844
S1-002112	S3-001845
S1-002113	S2-001850,S3-001846
S1-002114	S3-001848,S3-001849,S3-001847
S1-002115	S3-001850,S2-001851
S1-002116	S3-001851,S2-001852,S3-003061
S1-002117	S2-001853
S1-002118	S3-001852,S3-001853,S2-001854
S1-002119	S3-001854,S2-001855
S1-002120	S2-001856,S3-001855
S1-002121	S3-001857,S2-001857,S3-001856
S1-002122	S2-001860,S2-001859,S2-001858
S1-002123	S3-001858,S2-001861
S1-002124	S3-001859,S3-001860,S2-001862
S1-002125	S3-001861
S1-002126	S2-001863,S3-001862,S2-001864
S1-002127	S2-001865
S1-002128	S2-001866,S3-001863
S1-002129	S2-001867,S3-001864
S1-002130	S2-001868,S3-001864
S1-002131	
S1-002132	S3-001866,S2-001869,S3-001865,S2-001870,S3-001867
S1-002133	S2-001871
S1-002134	S2-001872,S3-001868,S2-001873
S1-002135	S2-001874,S3-001869
S1-002136	S2-001875
S1-002137	S3-001870,S2-001876
S1-002138	S2-001877,S3-001871
S1-002139	
S1-002140	
S1-002141	S3-001872,S2-001878,S3-003435
S1-002142	
S1-002143	S2-001879
S1-002144	S3-001875,S3-001874,S3-001873
S1-002145	S3-001877,S2-001880,S3-001876
S1-002146	S2-001881,S2-001882
S1-002147	S2-001882,S3-001878
S1-002148	S2-001883
S1-002149	S2-001884,S3-003082
S1-002150	
S1-002151	S3-001879,S3-001880
S1-002152	S2-001885
S1-002153	
S1-002154	S3-001881
S1-002155	S3-001882
S1-002156	S2-001886,S3-001883
S1-002157	S2-001887
S1-002158	S2-001888
S1-002159	S2-001889,S3-001884
S1-002160	S2-001890,S3-001885
S1-002161	S2-001891
S1-002162	
S1-002163	S3-001886
S1-002164	S3-001887,S2-001892
S1-002165	S3-001888,S2-001893
S1-002166	S2-001894
S1-002167	S3-001889,S2-001895
S1-002168	S2-001896,S3-003358
S1-002169	S2-001897,S3-001890
S1-002170	S2-001898,S3-001891
S1-002171	S3-001892,S2-001899
S1-002172	S2-001901,S2-001900
S1-002173	S2-001903,S2-001902
S1-002174	
S1-002175	S3-001894,S2-001905,S2-001904
S1-002176	S3-001895,S3-001896
S1-002177	S2-001907,S2-001906,S3-001897
S1-002178	
S1-002179	S3-001898,S2-001908
S1-002180	S2-001909,S2-001910,S3-001899
S1-002181	
S1-002182	S3-001900
S1-002183	S2-001911,S2-001912
S1-002184	S2-001913
S1-002185	S2-001914,S3-001901
S1-002186	
S1-002187	S3-001902
S1-002188	S2-001915,S3-001903
S1-002189	S2-001916
S1-002190	S3-001905,S2-001917,S3-001904
S1-002191	S2-001918,S3-001906
S1-002192	S2-001919
S1-002193	S2-001920
S1-002194	S3-001907
S1-002195	S3-001908,S2-001922
S1-002196	S3-001909,S2-001924,S2-001923,S3-001910
S1-002197	S2-001925
S1-002198	S3-001911,S3-003134
S1-002199	S3-001912
S1-002200	S3-001913
S1-002201	S2-001926
S1-002202	S2-001927,S3-001914
S1-002203	S2-001928
S1-002204	S3-001915
S1-002205	S2-001929
S1-002206	S2-001930
S1-002207	S3-001916,S2-002180
S1-002208	S2-001932,S2-001931
S1-002209	S3-001917,S2-001933
S1-002210	S2-001934,S3-001918
S1-002211	S3-001921,S3-001919,S2-001935,S3-001920,S2-001936
S1-002212	S2-001937,S2-001938,S3-001923,S3-001922
S1-002213	S3-001924,S2-001939
S1-002214	S2-001940
S1-002215	
S1-002216	S2-000915
S1-002217	S3-001925
S1-002218	
S1-002219	
S1-002220	S2-001941,S3-001454
S1-002221	
S1-002222	S2-001942,S3-001926
S1-002223	S3-001927
S1-002224	S2-003191
S1-002225	S2-001943
S1-002226	S2-001944
S1-002227	S2-001945
S1-002228	S2-001946,S2-001947
S1-002229	S3-001928,S2-001948
S1-002230	S3-001929
S1-002231	S3-001929
S1-002232	S3-001930
S1-002233	S3-001932,S2-001949,S3-001931
S1-002234	
S1-002235	S2-001950,S3-001933
S1-002236	S2-001951,S3-001934
S1-002237	S2-001952
S1-002238	S2-001954,S2-001953
S1-002239	S2-001955,S3-001935,S3-001936
S1-002240	S2-001956,S3-001939,S3-001938,S3-001937,S3-003415
S1-002241	S3-001940,S2-001957
S1-002242	S3-001941,S3-001942,S2-001958
S1-002243	S2-001959
S1-002244	S2-001960,S3-001945,S2-001961,S3-001944
S1-002245	S3-001946
S1-002246	S2-001962
S1-002247	S3-001947,S3-001948,S3-001949
S1-002248	S2-001963,S3-001950
S1-002249	S3-001951
S1-002250	S2-001964,S2-001965
S1-002251	
S1-002252	S2-001966,S2-001967,S3-001952
S1-002253	
S1-002254	S2-001968,S3-001953,S2-001969
S1-002255	S2-001970,S3-001954,S2-001971
S1-002256	S3-001955,S2-001972
S1-002257	S3-001956
S1-002258	S2-001973,S3-001957,S3-001958,S2-000692
S1-002259	S3-001960,S3-001959
S1-002260	S2-001975,S2-001974,S3-001961,S3-001962
S1-002261	S3-001963
S1-002262	
S1-002263	S3-001964,S2-001976,S3-001965
S1-002264	S2-001977
S1-002265	S2-001978
S1-002266	S2-001980,S2-001979
S1-002267	S3-001966
S1-002268	S3-001967
S1-002269	S2-001981
S1-002270	S3-001968
S1-002271	S2-001983,S2-001982,S2-001984,S3-001969
S1-002272	S2-001985
S1-002273	S3-001970
S1-002274	S2-001986,S3-001971
S1-002275	S3-001973,S3-001972,S2-001987
S1-002276	
S1-002277	S3-001975,S3-001974
S1-002278	S3-001976,S2-001988
S1-002279	S3-001977
S1-002280	S2-001989,S3-001979,S3-001978,S3-001980
S1-002281	S2-001991,S2-001990
S1-002282	S2-001992,S2-001993
S1-002283	S2-001994,S3-001981
S1-002284	S2-001995
S1-002285	
S1-002286	S2-001996,S3-001982,S2-001997
S1-002287	S2-001998,S2-001997
S1-002288	S3-001983
S1-002289	S2-001999,S3-001984,S2-002000
S1-002290	
S1-002291	S3-001985,S2-002001
S1-002292	
S1-002293	S3-001986,S2-002002
S1-002294	
S1-002295	
S1-002296	
S1-002297	S2-002004,S2-002003,S3-001987,S3-001989
S1-002298	S3-001989,S2-002005,S2-002004
S1-002299	S3-001990,S2-002007,S2-002006
S1-002300	S2-002008
S1-002301	S3-001991,S2-002009
S1-002302	S3-001992
S1-002303	S2-002010,S3-001993
S1-002304	S3-001994,S2-002011,S3-001396,S2-001413
S1-002305	S2-002012,S3-001995
S1-002306	S3-001996,S2-002013
S1-002307	S3-001997
S1-002308	S3-001998,S3-001999
S1-002309	
S1-002310	S2-002015,S2-002016,S3-002000,S2-002014
S1-002311	S3-002003,S3-002001,S2-002017,S3-002002
S1-002312	S3-002004
S1-002313	S3-002005,S2-002018,S3-001114
S1-002314	S2-002019
S1-002315	S2-002020
S1-002316	S2-002021,S3-002006,S2-002022
S1-002317	S3-002007,S2-002023,S3-000997
S1-002318	S3-002008,S2-002024
S1-002319	S2-002025
S1-002320	S3-002009,S2-002026
S1-002321	S2-002028,S2-002027,S3-002010
S1-002322	S3-002011
S1-002323	S2-002029,S3-002012
S1-002324	S2-002030
S1-002325	S2-002031,S2-002032
S1-002326	S3-002013,S2-002033
S1-002327	S2-002035,S2-002034
S1-002328	S2-002036,S3-002014
S1-002329	S2-002037,S2-002058
S1-002330	
S1-002331	S2-002038
S1-002332	S3-002015,S2-002039,S3-002016
S1-002333	
S1-002334	S3-002017
S1-002335	S2-002040,S3-002018
S1-002336	S3-002019
S1-002337	S3-002020
S1-002338	S2-002041
S1-002339	S3-002021,S3-001708,S3-001707,S2-001725
S1-002340	S3-002022,S2-002042
S1-002341	S2-002043,S3-002023
S1-002342	S3-002024,S2-002044
S1-002343	S2-002045,S2-002290
S1-002344	S2-002046,S3-002025,S2-002047,S3-003480
S1-002345	S2-002048
S1-002346	S3-002026
S1-002347	S2-002049
S1-002348	S2-002050,S3-002027,S2-002051
S1-002349	S3-002029,S3-002028
S1-002350	S2-002052,S3-002031,S3-002030
S1-002351	S3-002032,S2-002053
S1-002352	S3-002033,S3-002034
S1-002353	S3-002035
S1-002354	S2-002054,S3-002036
S1-002355	S3-002038,S3-002037
S1-002356	S2-002055
S1-002357	S2-002056,S3-002039
S1-002358	S3-002040,S2-002057
S1-002359	S3-002042,S3-002041
S1-002360	S3-002043,S2-002059,S2-002058
S1-002361	S2-002060,S3-002044
S1-002362	S3-002045
S1-002363	S2-002061,S2-002062,S3-002917
S1-002364	S3-002046
S1-002365	S2-002063,S3-002047
S1-002366	S3-002048
S1-002367	S2-002064,S3-002049
S1-002368	S2-002065
S1-002369	S3-002050,S2-002067,S2-002066
S1-002370	S2-002068,S3-002051
S1-002371	S2-002069,S3-002052
S1-002372	S2-002070,S3-002053
S1-002373	S3-002054,S2-002693
S1-002374	S3-002055,S2-002071
S1-002375	S3-002056,S2-002072
S1-002376	S2-002073,S3-002057,S2-002074
S1-002377	S2-002075,S2-002076,S2-001086
S1-002378	
S1-002379	S3-002058,S2-002077
S1-002380	S2-002078,S2-002079
S1-002381	S3-002059,S2-002080
S1-002382	
S1-002383	S3-002060
S1-002384	S3-002063,S2-002081,S3-002061,S3-002062,S2-002082
S1-002385	S3-002064
S1-002386	S3-002065,S2-002083
S1-002387	S2-002084,S3-002066
S1-002388	S3-002067
S1-002389	S2-002085
S1-002390	S3-002068,S2-002086
S1-002391	S3-002069
S1-002392	S2-002087,S2-002088,S3-002070,S3-002071
S1-002393	S3-002072
S1-002394	S2-002089,S3-002073,S2-002090
S1-002395	S2-002091,S2-002092,S3-002074
S1-002396	S2-002093,S3-002075
S1-002397	S3-002078,S3-002077,S3-002076
S1-002398	S3-002079
S1-002399	S3-002080
S1-002400	S3-002081,S2-002094
S1-002401	S2-002095,S3-002083,S3-002082
S1-002402	
S1-002403	
S1-002404	S3-002084
S1-002405	S2-002096
S1-002406	S3-002085,S3-002086
S1-002407	S3-002088,S2-002097,S3-002087
S1-002408	S2-002099,S2-002100,S2-002098,S3-002089
S1-002409	S3-002090
S1-002410	S2-002101,S3-002091,S3-000545
S1-002411	S3-002092,S2-002102,S2-002103
S1-002412	S3-002094,S3-002093
S1-002413	S3-002096,S3-002095,S2-002104
S1-002414	S2-002105,S2-002106
S1-002415	S2-002107,S3-002097
S1-002416	S3-002098
S1-002417	S3-002099
S1-002418	S3-002100
S1-002419	S2-002108
S1-002420	S2-002110,S2-002109,S2-002111,S3-002101
S1-002421	
S1-002422	S3-002102,S3-002103
S1-002423	S2-002112,S2-002113,S3-002104
S1-002424	S3-002106,S3-002107,S3-002105,S2-002114
S1-002425	S3-002108
S1-002426	S3-002109,S2-002115
S1-002427	S2-002116
S1-002428	
S1-002429	S2-002117
S1-002430	S2-002118,S2-002117
S1-002431	S2-002119,S2-002120
S1-002432	S2-002121,S3-002110
S1-002433	
S1-002434	S3-002111
S1-002435	
S1-002436	S2-002122
S1-002437	S3-002112,S3-002113,S2-002123
S1-002438	S2-002124,S3-002115,S3-002114
S1-002439	S3-002116,S2-002125,S2-002126
S1-002440	S3-002118,S3-002117
S1-002441	S3-002119,S3-002120,S2-001445,S3-000498
S1-002442	S3-002121,S2-002127,S3-002122
S1-002443	S2-002128
S1-002444	
S1-002445	S3-002123
S1-002446	
S1-002447	S3-002124,S2-002129,S2-002130
S1-002448	S3-002125
S1-002449	S2-002131
S1-002450	S3-002126,S2-002132
S1-002451	S2-002133
S1-002452	S2-002134,S3-002127
S1-002453	S2-002136,S2-002135,S2-002137
S1-002454	S3-002128,S2-002138,S3-002129
S1-002455	S3-002130
S1-002456	
S1-002457	S2-002139
S1-002458	S2-002141,S3-002132,S3-002131,S2-002140
S1-002459	
S1-002460	S3-002133
S1-002461	S3-002136,S3-002135,S3-002134
S1-002462	S2-002142,S3-002138,S3-002137
S1-002463	S3-002139,S2-002143,S3-002140
S1-002464	S3-002141,S2-002144,S2-002146,S2-002145
S1-002465	S2-002147,S3-002142
S1-002466	S3-002143
S1-002467	S3-002144,S2-002148
S1-002468	S3-002145,S2-002149
S1-002469	S3-002146
S1-002470	S3-002147,S2-002150
S1-002471	S3-002148,S2-002152,S2-002151
S1-002472	S2-002154,S2-002155,S2-002153
S1-002473	
S1-002474	S2-002156
S1-002475	S3-002150,S3-002149
S1-002476	S3-002151,S2-002157
S1-002477	S3-002152
S1-002478	S2-000393
S1-002479	S2-002159,S2-002160,S2-002158
S1-002480	S2-002161
S1-002481	S2-002163,S3-002153,S2-002162
S1-002482	S3-002154
S1-002483	S2-002164,S3-002155
S1-002484	S2-002167,S3-002156,S2-002165,S2-002166,S2-003059
S1-002485	S2-002168,S2-002169,S3-002157
S1-002486	S2-002170,S3-002158
S1-002487	S2-002172,S2-002171
S1-002488	S2-002173,S3-002159,S3-002160
S1-002489	S2-002174
S1-002490	S3-002161
S1-002491	S2-002175,S3-002162
S1-002492	S3-002163,S2-002176,S3-002164
S1-002493	S3-002165
S1-002494	S3-002166,S3-002167
S1-002495	S2-002179,S2-002177,S3-002168,S3-002169,S2-002178
S1-002496	S3-003147
S1-002497	S3-002170,S2-002180
S1-002498	S2-002181,S2-000889
S1-002499	S3-002171,S3-002172,S2-002182
S1-002500	S3-002174,S3-002173
S1-002501	
S1-002502	S2-002183
S1-002503	S2-002184,S2-002186,S2-002185
S1-002504	S2-002187,S2-002188,S2-002189
S1-002505	S2-002190
S1-002506	S2-002191,S3-002175
S1-002507	S3-002176,S3-002178,S2-002192,S3-002177,S2-002193
S1-002508	S3-002179,S2-002194
S1-002509	S2-002195
S1-002510	S2-002196,S3-002180
S1-002511	S2-002197,S2-002198
S1-002512	S3-002181
S1-002513	S2-002199,S3-002182
S1-002514	S2-002200,S3-002183
S1-002515	S3-002185,S3-002184,S2-002201,S2-002202
S1-002516	
S1-002517	S3-002186,S2-002203
S1-002518	
S1-002519	S3-002187,S2-002205,S2-002204
S1-002520	S3-002188,S2-002206
S1-002521	S3-002189,S3-002190,S2-002139
S1-002522	S3-002191
S1-002523	S2-002207,S3-002192,S3-002193
S1-002524	
S1-002525	S3-002194
S1-002526	S2-002208,S2-002209,S3-002195
S1-002527	S3-002196,S2-002210
S1-002528	S3-002775
S1-002529	S3-002197,S2-002211,S3-002198
S1-002530	S2-002212,S2-002213
S1-002531	S3-002200,S2-002214,S3-002199,S2-002213
S1-002532	
S1-002533	S3-002201
S1-002534	S2-002215,S2-002216
S1-002535	S2-002217
S1-002536	S2-002219,S2-002218,S3-002202
S1-002537	S2-002220
S1-002538	S3-002204,S2-002221,S3-002203,S3-002205
S1-002539	S3-002206,S2-002223,S2-002222
S1-002540	S3-002207,S3-001342
S1-002541	S2-002224
S1-002542	S2-002225
S1-002543	S3-002209,S3-002208,S2-002226,S3-002210
S1-002544	S2-002227,S3-002211
S1-002545	S2-002228,S2-002229
S1-002546	
S1-002547	
S1-002548	S2-002230
S1-002549	S2-002231
S1-002550	S2-002233,S2-002232
S1-002551	S3-002213,S2-002234,S3-002212
S1-002552	S2-002236,S2-002237,S2-002235,S2-003173,S2-000492
S1-002553	S2-002238,S3-002214
S1-002554	S3-002216,S3-002215,S3-002217,S2-002239
S1-002555	S3-002934
S1-002556	S2-002240
S1-002557	S2-002241
S1-002558	S2-002243,S2-002244,S2-002242,S3-002218
S1-002559	S3-002219,S2-002245
S1-002560	S3-002220,S2-002247,S2-002246
S1-002561	S3-002221,S3-002222,S2-002248,S3-002223
S1-002562	S3-002224,S2-002249
S1-002563	S3-002225,S2-002250
S1-002564	S2-002251,S2-002252
S1-002565	S2-002253
S1-002566	S3-002226,S2-002254,S3-002227
S1-002567	S3-002228
S1-002568	S2-002255,S2-002256
S1-002569	S2-002257
S1-002570	S3-002229,S2-002258
S1-002571	S2-002259,S2-002260
S1-002572	S3-002230
S1-002573	S3-002231
S1-002574	S2-002262,S2-002263,S2-002261,S3-002232,S2-002997
S1-002575	S3-002233,S2-002265,S2-002264
S1-002576	S2-002266,S3-002234
S1-002577	S3-002235,S2-002267
S1-002578	S3-002237,S3-002236
S1-002579	S2-002268,S2-002269,S2-002270,S3-002238
S1-002580	S3-002239,S2-002271
S1-002581	S3-002241,S3-002240
S1-002582	
S1-002583	S3-002242,S2-002272
S1-002584	S2-002274,S2-002273,S3-002243
S1-002585	S3-002244,S3-002246,S3-002245,S3-002920
S1-002586	S3-002247
S1-002587	S3-002248,S3-002249
S1-002588	S3-002250,S3-002251
S1-002589	S2-002275,S3-002252,S2-002276
S1-002590	S2-002277,S3-002255,S3-002253,S3-002254
S1-002591	S2-002278
S1-002592	S2-002279,S3-002256,S3-002257
S1-002593	S2-002280
S1-002594	S2-002281
S1-002595	S2-002282,S2-002284,S2-002283
S1-002596	S3-002258,S2-002284,S2-002282
S1-002597	
S1-002598	S2-002285,S3-002260,S2-002286,S3-002259
S1-002599	S2-002287,S3-002261
S1-002600	S3-002262
S1-002601	S2-002288
S1-002602	S2-002289
S1-002603	S3-002263
S1-002604	S3-002266,S3-002265,S3-002264
S1-002605	S2-002290,S3-001296
S1-002606	S2-002291,S3-002267
S1-002607	S3-002268,S2-002292
S1-002608	S2-002293,S2-002294
S1-002609	S2-002295,S3-002269
S1-002610	S2-002296,S2-002297
S1-002611	S2-002298
S1-002612	S3-002270
S1-002613	S3-002271,S3-002272
S1-002614	S2-002299
S1-002615	S3-002274,S3-002273,S2-002300,S2-002301
S1-002616	S3-002275,S2-002302,S3-002276
S1-002617	S2-002303,S3-002277
S1-002618	S2-002304,S3-002278
S1-002619	S2-002307,S2-002305,S2-002306
S1-002620	S2-002308
S1-002621	S3-002279,S2-002309
S1-002622	S2-002310,S3-002280
S1-002623	S3-002281,S2-002311,S3-002923
S1-002624	
S1-002625	S2-002313,S2-002312,S2-000928
S1-002626	S2-002314,S2-002315,S3-002283,S3-002282
S1-002627	S2-002316,S2-002317
S1-002628	S3-002284,S3-002285
S1-002629	S3-002286,S2-002318
S1-002630	S3-002287,S2-002319
S1-002631	S3-002288,S2-002320
S1-002632	S2-002321
S1-002633	
S1-002634	S2-002322
S1-002635	S3-002289,S2-002323
S1-002636	S2-002324
S1-002637	S3-002290,S2-002325,S2-002327,S2-002326
S1-002638	S2-002328,S2-002329,S2-002330
S1-002639	S3-002291,S2-002331
S1-002640	S3-002292
S1-002641	S2-002332,S3-002293,S2-003491,S2-002333
S1-002642	S2-002334,S3-002294
S1-002643	S3-002295
S1-002644	S2-002335,S3-002297,S3-002296
S1-002645	S2-002336
S1-002646	S2-002338,S2-002337,S3-002300,S3-002298,S3-002299
S1-002647	S3-002301
S1-002648	
S1-002649	
S1-002650	S3-002302
S1-002651	S3-002303,S2-002339
S1-002652	S2-002342,S2-002340,S2-002341
S1-002653	S3-002306,S3-002305,S2-002343,S3-002304
S1-002654	S3-002307,S2-002344
S1-002655	S3-002310,S3-002309,S3-002308
S1-002656	S3-002311,S2-002346,S2-002345
S1-002657	S2-002348,S2-002349,S2-002347
S1-002658	S2-002350,S3-002312
S1-002659	S3-002313,S2-002351
S1-002660	S3-002314
S1-002661	S2-002352,S2-003157
S1-002662	
S1-002663	S2-002353
S1-002664	S3-002315
S1-002665	S3-002316
S1-002666	
S1-002667	S3-002318,S3-002317,S2-002354,S3-002319
S1-002668	S3-002320,S2-002355
S1-002669	S3-002321,S3-002322
S1-002670	S2-002356
S1-002671	S3-002323,S2-002357
S1-002672	S3-002324
S1-002673	S3-002325,S2-002358,S2-002359
S1-002674	S2-002360
S1-002675	S3-002327,S2-002361
S1-002676	
S1-002677	S2-002362
S1-002678	S2-002363
S1-002679	S2-002364,S2-002365
S1-002680	S2-002366,S3-002329
S1-002681	S2-002367
S1-002682	S3-002330,S2-002369,S2-002368
S1-002683	S3-002331,S2-002370
S1-002684	S3-002332
S1-002685	S3-002334,S3-002333
S1-002686	S3-002335,S2-002371
S1-002687	
S1-002688	S3-002337,S3-002336,S2-002372
S1-002689	S3-002338,S2-002373,S3-002339
S1-002690	S2-002374
S1-002691	S3-002340,S2-002375
S1-002692	S3-002341,S3-002342,S2-002377,S2-002376
S1-002693	S2-002378,S3-002343
S1-002694	S2-002379,S3-002344,S3-002345
S1-002695	S3-002347,S3-002346
S1-002696	S3-002348,S2-002380
S1-002697	S3-002350,S3-002349,S3-002351,S2-002382,S2-002381,S3-002714
S1-002698	S2-002383
S1-002699	S3-002352,S2-002384
S1-002700	S2-002385,S3-002354,S3-002353,S2-002294
S1-002701	S3-002355
S1-002702	
S1-002703	S3-002357,S3-002356
S1-002704	S3-002358,S2-002386
S1-002705	S2-002387,S2-002388,S3-002359,S3-002360
S1-002706	S2-002389
S1-002707	S3-002362,S3-002361
S1-002708	S3-002363,S2-002390
S1-002709	S3-002364,S2-002391
S1-002710	S3-002365
S1-002711	S3-002366
S1-002712	S2-002392,S3-002367
S1-002713	S3-002368
S1-002714	S2-002393
S1-002715	S3-002369
S1-002716	S3-003223
S1-002717	S2-002394,S3-002371,S3-002370
S1-002718	S2-002395,S3-002372
S1-002719	S3-002373
S1-002720	S3-002374,S2-002396
S1-002721	S3-002375
S1-002722	S3-002377,S3-002376,S3-000219
S1-002723	S2-002397,S3-002378
S1-002724	S3-002379
S1-002725	S2-002398,S3-002380
S1-002726	S3-002382,S3-002381
S1-002727	S3-002383
S1-002728	S3-002384
S1-002729	S2-002399,S3-002385
S1-002730	S2-002400
S1-002731	
S1-002732	S3-002386,S2-002402,S2-002401
S1-002733	S2-002403,S2-001940
S1-002734	S3-002387,S2-002404,S2-002405
S1-002735	S3-002388
S1-002736	S3-002389
S1-002737	S2-002406,S3-002390
S1-002738	S2-002407,S3-002391,S2-002408
S1-002739	S2-002409,S3-002392
S1-002740	S2-002410
S1-002741	S2-002411,S2-002412,S3-002393
S1-002742	S2-002414,S2-002413
S1-002743	S3-002394
S1-002744	S3-002395
S1-002745	S2-002415,S2-002416
S1-002746	S2-002418,S3-002396,S2-002417
S1-002747	
S1-002748	S3-002397
S1-002749	S2-002419,S2-002420,S3-002398
S1-002750	S2-002421
S1-002751	S3-002400,S3-002399,S2-002422
S1-002752	S3-002401,S2-002423
S1-002753	S2-002424,S3-002403,S3-002404,S3-002402
S1-002754	S2-002425,S2-003424
S1-002755	S3-002405
S1-002756	S3-002406
S1-002757	S2-002426
S1-002758	S2-002427,S3-002407
S1-002759	S3-002408
S1-002760	S3-002409
S1-002761	S2-002428,S3-002410
S1-002762	S3-002411
S1-002763	S2-002429
S1-002764	S2-002430
S1-002765	S2-002431,S3-002412
S1-002766	S3-002413
S1-002767	S2-002432,S3-002414
S1-002768	
S1-002769	S3-002415,S2-002433
S1-002770	S3-002416
S1-002771	S3-002417
S1-002772	
S1-002773	S3-002418,S2-002434,S3-002419
S1-002774	S3-002420
S1-002775	S2-002437,S2-002436,S2-002435
S1-002776	S3-002421,S2-002440,S2-002438,S2-002439
S1-002777	S2-002441
S1-002778	
S1-002779	S3-002422
S1-002780	S2-002442,S2-002443
S1-002781	S3-002423
S1-002782	S2-002444,S2-002446,S2-002445,S2-002954
S1-002783	S3-002424,S2-002447
S1-002784	S3-002425
S1-002785	S3-002426
S1-002786	S2-002448
S1-002787	S2-002449
S1-002788	S3-002427,S2-002450
S1-002789	S3-002428,S3-001846
S1-002790	S3-002429,S2-002451
S1-002791	S3-002431,S3-002430
S1-002792	S3-002433,S2-002452,S3-002432,S2-003381
S1-002793	S3-002435
S1-002794	S3-002437,S3-002436,S2-002453
S1-002795	S3-002438,S2-002454
S1-002796	
S1-002797	S3-002439,S2-002456,S3-002440,S2-002455
S1-002798	S3-002441
S1-002799	S3-002442
S1-002800	S2-002457,S2-002988
S1-002801	S3-002443
S1-002802	S2-002458
S1-002803	S3-002444,S2-002459
S1-002804	S2-002460
S1-002805	S2-002461
S1-002806	S2-002462,S3-002445
S1-002807	S2-002463
S1-002808	S2-002464
S1-002809	S3-002446
S1-002810	S2-002465
S1-002811	S3-002447
S1-002812	
S1-002813	S2-002466
S1-002814	S2-002467,S3-002448
S1-002815	S2-002468,S3-002449
S1-002816	S3-002452,S2-002469,S3-002451,S3-002450
S1-002817	S3-002453
S1-002818	S2-002470,S3-002454
S1-002819	S3-002455
S1-002820	S3-002456
S1-002821	S3-002457
S1-002822	S2-002471
S1-002823	
S1-002824	S3-002458,S2-002472
S1-002825	S3-002459,S2-002473
S1-002826	S3-002460
S1-002827	S2-002474,S3-002461,S3-002462
S1-002828	S2-002475
S1-002829	S2-002476
S1-002830	S2-002479,S3-002464,S2-002477,S2-002478,S3-002463
S1-002831	
S1-002832	S2-002480
S1-002833	S3-002465
S1-002834	S2-002481,S3-002466,S2-002482
S1-002835	S3-002467,S3-002468,S2-002483
S1-002836	S2-002484
S1-002837	S2-002485,S3-002469,S2-003431
S1-002838	S3-002470,S2-002486
S1-002839	
S1-002840	S2-002487,S2-002488,S3-002472,S3-002471
S1-002841	S3-002473
S1-002842	
S1-002843	S3-002474,S2-002489
S1-002844	S3-002475,S2-002490,S3-001676,S2-001404
S1-002845	S2-002492,S2-002491,S3-002476
S1-002846	S2-002493,S3-002477
S1-002847	S3-002478
S1-002848	S3-002479,S2-002494,S2-002495
S1-002849	S2-002496,S3-002480
S1-002850	S2-002497,S3-002481
S1-002851	S2-002498,S3-002482,S3-002483
S1-002852	S3-002484,S2-002499,S3-002485
S1-002853	S3-002487,S2-002500,S3-002486
S1-002854	S2-002503,S2-002502,S2-002501
S1-002855	S3-002488
S1-002856	S2-002504,S3-002489
S1-002857	S2-002505,S3-002490
S1-002858	S2-002506
S1-002859	S2-002507
S1-002860	S2-002509,S3-002491,S2-002508
S1-002861	
S1-002862	S3-002492,S2-002510
S1-002863	S3-002493
S1-002864	S3-002494
S1-002865	S2-002511,S3-002495
S1-002866	S3-002496,S2-002513,S2-002512
S1-002867	S3-002497
S1-002868	S3-002498,S2-002514,S3-002499
S1-002869	S3-002500
S1-002870	S3-002501
S1-002871	S2-002515
S1-002872	S2-002516,S3-002502
S1-002873	S2-002517,S3-002504,S3-002503
S1-002874	
S1-002875	S3-002505,S2-002867
S1-002876	S3-002507,S3-002506,S2-002518,S2-002774
S1-002877	S3-002509,S2-002519,S3-002510,S3-002508
S1-002878	S2-002520,S2-002521,S3-002511
S1-002879	S3-002512
S1-002880	S3-002513,S2-002522
S1-002881	S2-002523
S1-002882	S2-002524,S3-002514
S1-002883	
S1-002884	S2-002525
S1-002885	S2-002526
S1-002886	S3-002515,S2-002527
S1-002887	S2-002528,S3-002516
S1-002888	S3-002517,S3-002519,S3-002518
S1-002889	S2-002529
S1-002890	S3-002520
S1-002891	S2-002530
S1-002892	
S1-002893	S2-002531
S1-002894	S2-002532
S1-002895	S3-002522,S3-002523,S3-002521
S1-002896	S2-002533,S3-002524
S1-002897	S3-002525
S1-002898	S3-002527,S3-002526
S1-002899	S2-002534
S1-002900	S2-002535
S1-002901	S2-002536,S3-002528
S1-002902	S3-002529
S1-002903	
S1-002904	S2-002538,S2-002537
S1-002905	S2-002539
S1-002906	S2-002542,S3-002530,S2-002541,S2-002540
S1-002907	S3-002531
S1-002908	S3-002532,S2-002543
S1-002909	S2-002545
S1-002910	S3-002533,S2-002545
S1-002911	S2-002548,S2-002547,S2-002546
S1-002912	S3-002534
S1-002913	S3-002535
S1-002914	S3-002536,S3-002537
S1-002915	S3-002538,S2-002549
S1-002916	S2-002550
S1-002917	
S1-002918	S3-002540,S3-002539
S1-002919	S2-002551,S3-002541
S1-002920	S2-002552,S3-002542
S1-002921	S3-002543,S2-002553,S3-002544,S2-002554
S1-002922	S2-002555
S1-002923	S3-002547,S3-002546,S2-002556,S3-002545
S1-002924	S3-002548
S1-002925	S3-002549
S1-002926	S3-002550,S3-002551
S1-002927	S3-002552
S1-002928	
S1-002929	S2-002557
S1-002930	S2-002558
S1-002931	S2-002559
S1-002932	S2-002560,S2-001443
S1-002933	S2-002561
S1-002934	S2-002562
S1-002935	
S1-002936	S3-002553
S1-002937	S3-002554,S2-002563
S1-002938	
S1-002939	S2-002564,S2-002565
S1-002940	
S1-002941	
S1-002942	S3-002555
S1-002943	S3-002556,S2-002566
S1-002944	
S1-002945	S2-002567
S1-002946	S2-002569,S2-002568
S1-002947	S2-002571,S2-002570
S1-002948	S3-002557,S2-002572
S1-002949	S3-002559,S3-002560,S3-002558,S2-002573
S1-002950	S2-002574,S3-002561,S3-002634,S2-002294
S1-002951	S2-002575
S1-002952	S3-002563,S3-002562,S2-002576,S3-002564
S1-002953	S3-002565,S2-002577
S1-002954	S3-002567,S3-002566,S2-002578
S1-002955	S3-002568
S1-002956	S3-002569
S1-002957	S2-002579,S3-002570
S1-002958	S3-002571,S2-002580
S1-002959	S2-002581
S1-002960	S3-002572,S3-002573
S1-002961	S3-002574,S2-002582
S1-002962	S2-002583,S3-002575
S1-002963	S3-002576
S1-002964	S2-002584
S1-002965	S3-002578,S3-002577
S1-002966	S2-002585,S2-002586
S1-002967	S2-002587
S1-002968	S3-002579,S2-002588
S1-002969	S2-002589,S3-002581,S2-002590,S3-002580
S1-002970	
S1-002971	S3-002582,S2-002591
S1-002972	S3-002583,S2-002592
S1-002973	S3-002584
S1-002974	S2-002593
S1-002975	
S1-002976	S3-002586,S2-002594,S3-002585
S1-002977	S2-001562
S1-002978	S3-002587
S1-002979	S2-002596,S2-002597,S2-002595
S1-002980	S3-002589,S2-002598,S3-002588
S1-002981	S3-002590,S3-002592,S3-002591
S1-002982	S3-002593,S2-002599,S2-002600
S1-002983	S2-002601
S1-002984	
S1-002985	S2-002602,S3-002594,S2-002603
S1-002986	S2-002604,S2-002605
S1-002987	S3-002595
S1-002988	S3-002596
S1-002989	S3-002597,S2-002606
S1-002990	S2-002608,S2-002607,S3-002598
S1-002991	
S1-002992	S2-002609,S3-002599,S2-002610
S1-002993	S2-002611,S3-002600
S1-002994	S2-002612,S3-002601
S1-002995	S3-002602,S2-002613
S1-002996	S2-002614,S3-002603,S3-002604,S3-002605
S1-002997	S3-002606,S2-002615
S1-002998	S2-002616,S3-002607
S1-002999	S2-002618,S2-002619,S2-002617,S3-002608
